case_id,scenario,scenario_weight,month,portfolio_ead,ead_weighted_lgd,contractual_principal_due,scheduled_principal_applied,expected_prepayment,closing_balance,expected_cure_recovery,expected_collateral_recovery,discounted_expected_recovery_at_default
baseline,base,0.600000,1,554000.000000,0.318691,13249.761905,13249.761905,4618.331199,536131.906896,307200.000000,88981.904000,377445.345205
baseline,base,0.600000,2,536131.906896,0.315583,13249.761905,13249.761905,4442.854007,518439.290984,296318.947974,88981.904000,366937.806078
baseline,base,0.600000,3,518439.290984,0.312288,13249.761905,13249.761905,4269.194725,500920.334354,285548.239552,88981.904000,356536.868142
baseline,base,0.600000,4,500920.334354,0.308789,13249.761905,13249.761905,4097.333768,483573.238681,274886.705092,88981.904000,346241.401124
baseline,base,0.600000,5,483573.238681,0.305068,13249.761905,13249.761905,3927.251768,466396.225008,264333.187785,88981.904000,336050.287144
baseline,base,0.600000,6,466396.225008,0.301104,13249.761905,13249.761905,3758.929572,449387.533531,253886.543499,88981.904000,325962.420585
baseline,base,0.600000,7,449387.533531,0.296873,13249.761905,13249.761905,3592.348239,432545.423387,243545.640649,88981.904000,315976.707948
baseline,base,0.600000,8,432545.423387,0.292347,13249.761905,13249.761905,3427.489041,415868.172442,233309.360044,88981.904000,306092.067722
baseline,base,0.600000,9,415868.172442,0.287497,13249.761905,13249.761905,3264.333454,399354.077083,223176.594754,88981.904000,296307.430239
baseline,base,0.600000,10,399354.077083,0.282287,13249.761905,13249.761905,3102.863162,383001.452016,213146.249973,88981.904000,286621.737552
baseline,base,0.600000,11,383001.452016,0.276677,13249.761905,13249.761905,2943.060053,366808.630059,203217.242877,88981.904000,277033.943296
baseline,base,0.600000,12,366808.630059,0.270620,13249.761905,13249.761905,2784.906213,350773.961941,193388.502492,88981.904000,267543.012558
baseline,base,0.600000,13,350773.961941,0.264062,13249.761905,13249.761905,2628.383929,334895.816108,183658.969564,88981.904000,258147.921751
baseline,base,0.600000,14,334895.816108,0.256940,13249.761905,13249.761905,2473.475682,319172.578521,174027.596420,88981.904000,248847.658485
baseline,base,0.600000,15,319172.578521,0.249180,13249.761905,13249.761905,2320.164151,303602.652465,164493.346844,88981.904000,239641.221440
baseline,base,0.600000,16,303602.652465,0.240836,13249.761905,13249.761905,2168.432202,288184.458359,155055.195947,88935.429035,230484.292376
baseline,base,0.600000,17,288184.458359,0.236957,13249.761905,13249.761905,2018.262894,272916.433560,145712.130035,87256.380573,219897.197414
baseline,base,0.600000,18,272916.433560,0.232678,13249.761905,13249.761905,1869.639473,257797.032181,136463.146492,85592.009700,209414.673587
baseline,base,0.600000,19,257797.032181,0.227937,13249.761905,13249.761905,1722.545370,242824.724907,127307.253645,83942.188110,199035.643011
baseline,base,0.600000,20,242824.724907,0.222653,13249.761905,13249.761905,1576.964199,227997.998803,118243.470650,82306.788618,188759.039313
baseline,base,0.600000,21,227997.998803,0.216731,13249.761905,13249.761905,1432.879755,213315.357143,109270.827366,80685.685153,178583.807501
baseline,base,0.600000,22,213315.357143,0.210048,13249.761905,11933.035212,1303.001059,200079.320873,100388.364236,79078.752743,168508.903838
baseline,base,0.600000,23,200079.320873,0.203754,13249.761905,9291.428571,1199.993123,189587.899178,92403.613189,77485.867511,159312.269005
baseline,base,0.600000,24,189587.899178,0.202185,13249.761905,9291.428571,1098.065866,179198.404740,86121.309387,75343.852522,151256.093359
baseline,base,0.600000,25,179198.404740,0.201207,9291.428571,9291.428571,997.207348,168909.768820,79902.956670,73070.486257,143142.358045
baseline,base,0.600000,26,168909.768820,0.200123,9291.428571,9291.428571,897.405768,158720.934481,73747.862907,70815.705900,135107.014303
baseline,base,0.600000,27,158720.934481,0.198913,9291.428571,9291.428571,798.649459,148630.856450,67655.343782,68579.357891,127149.257808
baseline,base,0.600000,28,148630.856450,0.197554,9291.428571,9291.428571,700.926888,138638.500991,61624.722706,66361.289952,119268.292901
baseline,base,0.600000,29,138638.500991,0.196015,9291.428571,9291.428571,604.226654,128742.845766,55655.330725,64161.351074,111463.332485
baseline,base,0.600000,30,128742.845766,0.194257,9291.428571,8681.952302,516.149795,119544.743669,49746.506433,61979.391507,103733.597934
baseline,base,0.600000,31,119544.743669,0.192889,9291.428571,5124.761905,473.406805,113946.574958,44318.900653,59815.262751,96485.832765
baseline,base,0.600000,32,113946.574958,0.195368,9291.428571,3129.719925,448.443802,110368.411231,41404.232941,57668.817543,91685.113595
baseline,base,0.600000,33,110368.411231,0.195356,9291.428571,1791.428571,435.364490,108141.618170,39619.742068,56410.054771,88807.300918
baseline,base,0.600000,34,108141.618170,0.193510,9291.428571,1791.428571,422.366349,105927.823249,38590.998122,55744.778940,87215.180741
baseline,base,0.600000,35,105927.823249,0.191589,9291.428571,1791.428571,409.448858,103726.945819,37568.517764,55084.109733,85633.263405
baseline,base,0.600000,36,103726.945819,0.189589,133800.000000,103726.945819,0.000000,0.000000,36552.261075,54428.015253,84061.481561
baseline,downside,0.250000,1,554000.000000,0.483081,13249.761905,13249.761905,2710.452415,538039.785680,240720.000000,72544.901975,286372.856343
baseline,downside,0.250000,2,538039.785680,0.481283,13249.761905,13249.761905,2618.584236,522171.439539,232912.022218,72544.901975,279090.592349
baseline,downside,0.250000,3,522171.439539,0.479382,13249.761905,13249.761905,2527.271821,506394.405813,225150.707666,72544.901975,271851.881692
baseline,downside,0.250000,4,506394.405813,0.477371,13249.761905,13249.761905,2436.511681,490708.132227,217435.766231,72544.901975,264656.453465
baseline,downside,0.250000,5,490708.132227,0.475240,13249.761905,13249.761905,2346.300349,475112.069973,209766.909664,72544.901975,257504.038495
baseline,downside,0.250000,6,475112.069973,0.472978,13249.761905,13249.761905,2256.634380,459605.673688,202143.851562,72544.901975,250394.369339
baseline,downside,0.250000,7,459605.673688,0.470574,13249.761905,13249.761905,2167.510353,444188.401430,194566.307359,72544.901975,243327.180269
baseline,downside,0.250000,8,444188.401430,0.468014,13249.761905,13249.761905,2078.924866,428859.714660,187033.994315,72544.901975,236302.207260
baseline,downside,0.250000,9,428859.714660,0.465282,13249.761905,13249.761905,1990.874542,413619.078213,179546.631500,72544.901975,229319.187981
baseline,downside,0.250000,10,413619.078213,0.462361,13249.761905,13249.761905,1903.356025,398465.960283,172103.939788,72544.901975,222377.861785
baseline,downside,0.250000,11,398465.960283,0.459231,13249.761905,13249.761905,1816.365980,383399.832398,164705.641838,72544.901975,215477.969693
baseline,downside,0.250000,12,383399.832398,0.455870,13249.761905,13249.761905,1729.901093,368420.169401,157351.462090,72544.901975,208619.254387
baseline,downside,0.250000,13,368420.169401,0.452252,13249.761905,13249.761905,1643.958074,353526.449422,150041.126746,72544.901975,201801.460198
baseline,downside,0.250000,14,353526.449422,0.448346,13249.761905,13249.761905,1558.533651,338718.153866,142774.363764,72544.901975,195024.333096
baseline,downside,0.250000,15,338718.153866,0.444117,13249.761905,13249.761905,1473.624576,323994.767385,135550.902842,72544.901975,188287.620678
baseline,downside,0.250000,16,323994.767385,0.439525,13249.761905,13249.761905,1389.227620,309355.777861,128370.475410,72544.901975,181591.072158
baseline,downside,0.250000,17,309355.777861,0.434520,13249.761905,13249.761905,1305.339575,294800.676381,121232.814619,72544.901975,174934.438354
baseline,downside,0.250000,18,294800.676381,0.429047,13249.761905,13249.761905,1221.957255,280328.957221,114137.655325,72544.901975,168317.471682
baseline,downside,0.250000,19,280328.957221,0.423035,13249.761905,13249.761905,1139.077494,265940.117822,107084.734083,72544.901975,161739.926143
baseline,downside,0.250000,20,265940.117822,0.416404,13249.761905,13249.761905,1056.697146,251633.658772,100073.789133,72544.901975,155201.557311
baseline,downside,0.250000,21,251633.658772,0.409053,13249.761905,13249.761905,974.813085,237409.083782,93104.560389,72544.901975,148702.122326
baseline,downside,0.250000,22,237409.083782,0.400860,13249.761905,13249.761905,893.422205,223265.899672,86176.789430,72544.901975,142241.379881
baseline,downside,0.250000,23,223265.899672,0.394424,13249.761905,11493.008356,822.488797,210950.402519,79290.219487,71854.087114,135204.467300
baseline,downside,0.250000,24,210950.402519,0.393783,13249.761905,9291.428571,764.477073,200894.496874,73317.988520,69887.626813,127881.621167
baseline,downside,0.250000,25,200894.496874,0.394621,9291.428571,9291.428571,706.822232,190896.246071,68476.038825,67931.280042,121617.256170
baseline,downside,0.250000,26,190896.246071,0.395539,9291.428571,9291.428571,649.521968,180955.295532,63663.392184,65984.994787,115389.246313
baseline,downside,0.250000,27,180955.295532,0.396551,9291.428571,9291.428571,592.573991,171071.292969,58879.861524,64048.719303,109197.370531
baseline,downside,0.250000,28,171071.292969,0.397670,9291.428571,9291.428571,535.976028,161243.888370,54125.261011,62122.402109,103041.409158
baseline,downside,0.250000,29,161243.888370,0.398916,9291.428571,9291.428571,479.725820,151472.733978,49399.406043,60205.991988,96921.143914
baseline,downside,0.250000,30,151472.733978,0.400312,9291.428571,9291.428571,423.821123,141757.484284,44702.113242,58299.437989,90836.357902
baseline,downside,0.250000,31,141757.484284,0.401888,9291.428571,9291.428571,368.259707,132097.796006,40033.200445,56402.689422,84786.835591
baseline,downside,0.250000,32,132097.796006,0.403681,9291.428571,9291.428571,313.039360,122493.328075,35392.486698,54515.695857,78772.362817
baseline,downside,0.250000,33,122493.328075,0.405741,9291.428571,5382.783064,286.632018,116823.912993,30779.792243,52638.407124,72792.726764
baseline,downside,0.250000,34,116823.912993,0.409767,9291.428571,2125.505958,277.658802,114420.748233,28445.437911,50770.773312,68953.290962
baseline,downside,0.250000,35,114420.748233,0.405771,9291.428571,1791.428571,270.439319,112358.880342,27583.799827,50583.689975,67992.133740
baseline,downside,0.250000,36,112358.880342,0.400689,133800.000000,112358.880342,0.000000,0.000000,26871.777233,50583.689975,67337.948067
baseline,upside,0.150000,1,554000.000000,0.224850,13249.761905,13249.761905,5856.233958,534894.004137,351520.000000,89607.893760,429432.862610
baseline,upside,0.150000,2,534894.004137,0.221343,13249.761905,13249.761905,5618.049111,516026.193121,338357.945557,89607.893760,416498.942914
baseline,upside,0.150000,3,516026.193121,0.217615,13249.761905,13249.761905,5383.003625,497393.427591,325364.858249,89607.893760,403731.099694
baseline,upside,0.150000,4,497393.427591,0.213646,13249.761905,13249.761905,5151.054417,478992.611269,312538.464344,89607.893760,391127.097798
baseline,upside,0.150000,5,478992.611269,0.209414,13249.761905,13249.761905,4922.159014,460820.690351,299876.521819,89607.893760,378684.733251
baseline,upside,0.150000,6,460820.690351,0.204893,13249.761905,13249.761905,4696.275541,442874.652905,287376.819907,89607.893760,366401.832802
baseline,upside,0.150000,7,442874.652905,0.200053,13249.761905,13249.761905,4473.362721,425151.528279,275037.178644,89607.893760,354276.253489
baseline,upside,0.150000,8,425151.528279,0.194861,13249.761905,13249.761905,4253.379856,407648.386518,262855.448432,89607.893760,342305.882198
baseline,upside,0.150000,9,407648.386518,0.189280,13249.761905,13249.761905,4036.286828,390362.337786,250829.509600,89607.893760,330488.635241
baseline,upside,0.150000,10,390362.337786,0.183265,13249.761905,13249.761905,3822.044081,373290.531799,238957.271980,89607.893760,318822.457933
baseline,upside,0.150000,11,373290.531799,0.176766,13249.761905,13249.761905,3610.612624,356430.157271,227236.674479,89607.893760,307305.324173
baseline,upside,0.150000,12,356430.157271,0.169724,13249.761905,13249.761905,3401.954012,339778.441354,215665.684665,89607.893760,295935.236040
baseline,upside,0.150000,13,339778.441354,0.163512,13249.761905,13249.761905,3196.030345,323332.649104,204242.298360,89094.695224,284220.462341
baseline,upside,0.150000,14,323332.649104,0.159539,13249.761905,13249.761905,2992.804259,307090.082940,192964.539230,87638.022181,271748.434798
baseline,upside,0.150000,15,307090.082940,0.155189,13249.761905,13249.761905,2792.238915,291048.082121,181830.458391,86197.468585,259433.007457
baseline,upside,0.150000,16,291048.082121,0.150408,13249.761905,13249.761905,2594.297994,275204.022222,170838.134013,84772.856058,247272.120900
baseline,upside,0.150000,17,275204.022222,0.146098,13249.761905,13249.761905,2398.945692,259555.314626,159985.670938,83080.373443,234997.158493
baseline,upside,0.150000,18,259555.314626,0.142665,13249.761905,13249.761905,2206.146706,244099.406015,149271.200294,81034.367564,222525.776073
baseline,upside,0.150000,19,244099.406015,0.138841,13249.761905,13249.761905,2015.866232,228833.777879,138692.879124,79009.485451,210208.286304
baseline,upside,0.150000,20,228833.777879,0.134557,13249.761905,13249.761905,1828.069957,213755.946017,128248.890012,77005.506615,198042.692946
baseline,upside,0.150000,21,213755.946017,0.129722,13249.761905,13249.761905,1642.724049,198863.460063,117937.440721,75022.212886,186027.026727
baseline,upside,0.150000,22,198863.460063,0.124227,13249.761905,9837.951229,1501.593300,187523.915535,107756.763832,73059.388398,174159.344960
baseline,upside,0.150000,23,187523.915535,0.121428,13249.761905,9291.428571,1369.030066,176863.456898,100064.125163,71116.819556,164753.290552
baseline,upside,0.150000,24,176863.456898,0.118902,13249.761905,9291.428571,1238.230714,166333.797612,92847.775895,69194.295019,155833.964631
baseline,upside,0.150000,25,166333.797612,0.116088,9291.428571,9291.428571,1109.170480,155933.198560,85723.866576,67291.605670,147024.386393
baseline,upside,0.150000,26,155933.198560,0.112934,9291.428571,9291.428571,981.824958,145659.945031,78691.132011,65408.544596,138323.114791
baseline,upside,0.150000,27,145659.945031,0.109373,9291.428571,9291.428571,856.170100,135512.346359,71748.325123,63544.907065,129728.728675
baseline,upside,0.150000,28,135512.346359,0.105323,9291.428571,9291.428571,732.182206,125488.735581,64894.216690,61700.490501,121239.826506
baseline,upside,0.150000,29,125488.735581,0.100676,9291.428571,7631.276836,636.239613,117221.219132,58127.595076,59875.094459,112855.026074
baseline,upside,0.150000,30,117221.219132,0.097209,9291.428571,5124.761905,581.359301,111515.097926,52721.591012,58068.520609,105826.258823
baseline,upside,0.150000,31,111515.097926,0.096345,9291.428571,3184.059699,548.505470,107782.532757,49304.426045,56280.572707,100771.192063
baseline,upside,0.150000,32,107782.532757,0.094147,9291.428571,1791.428571,531.369855,105459.734331,47148.979845,55201.978124,97635.168397
baseline,upside,0.150000,33,105459.734331,0.090940,9291.428571,1791.428571,514.368152,103153.937607,45894.436055,54629.776820,95869.260115
baseline,upside,0.150000,34,103153.937607,0.087602,9291.428571,1791.428571,497.499273,100865.009763,44649.433777,54062.577476,94117.395598
baseline,upside,0.150000,35,100865.009763,0.084128,9291.428571,1791.428571,480.762137,98592.819055,43413.896672,53500.336369,92379.458991
baseline,upside,0.150000,36,98592.819055,0.080508,133800.000000,98592.819055,0.000000,0.000000,42187.749032,52943.010155,90655.335417
low_prepayment,base,0.600000,1,554000.000000,0.318691,13249.761905,13249.761905,2246.608005,538503.630090,307200.000000,88981.904000,377445.345205
low_prepayment,base,0.600000,2,538503.630090,0.316017,13249.761905,13249.761905,2172.692688,523081.175498,297757.941866,88981.904000,368327.395470
low_prepayment,base,0.600000,3,523081.175498,0.313196,13249.761905,13249.761905,2099.147556,507732.266037,288362.281993,88981.904000,359254.269083
low_prepayment,base,0.600000,4,507732.266037,0.310216,13249.761905,13249.761905,2025.970688,492456.533444,279012.782848,88981.904000,350225.736518
low_prepayment,base,0.600000,5,492456.533444,0.307063,13249.761905,13249.761905,1953.160170,477253.611369,269709.208156,88981.904000,341241.569460
low_prepayment,base,0.600000,6,477253.611369,0.303721,13249.761905,13249.761905,1880.714099,462123.135366,260451.322890,88981.904000,332301.540802
low_prepayment,base,0.600000,7,462123.135366,0.300175,13249.761905,13249.761905,1808.630583,447064.742878,251238.893266,88981.904000,323405.424637
low_prepayment,base,0.600000,8,447064.742878,0.296404,13249.761905,13249.761905,1736.907739,432078.073234,242071.686735,88981.904000,314552.996252
low_prepayment,base,0.600000,9,432078.073234,0.292387,13249.761905,13249.761905,1665.543696,417162.767633,232949.471975,88981.904000,305744.032123
low_prepayment,base,0.600000,10,417162.767633,0.288100,13249.761905,13249.761905,1594.536590,402318.469138,223872.018889,88981.904000,296978.309903
low_prepayment,base,0.600000,11,402318.469138,0.283514,13249.761905,13249.761905,1523.884570,387544.822663,214839.098593,88981.904000,288255.608425
low_prepayment,base,0.600000,12,387544.822663,0.278598,13249.761905,13249.761905,1453.585792,372841.474966,205850.483412,88981.904000,279575.707686
low_prepayment,base,0.600000,13,372841.474966,0.273315,13249.761905,13249.761905,1383.638425,358208.074636,196905.946875,88981.904000,270938.388848
low_prepayment,base,0.600000,14,358208.074636,0.267623,13249.761905,13249.761905,1314.040645,343644.272087,188005.263704,88981.904000,262343.434225
low_prepayment,base,0.600000,15,343644.272087,0.261473,13249.761905,13249.761905,1244.790639,329149.719543,179148.209814,88981.904000,253790.627285
low_prepayment,base,0.600000,16,329149.719543,0.254808,13249.761905,13249.761905,1175.886604,314724.071034,170334.562298,88981.904000,245279.752635
low_prepayment,base,0.600000,17,314724.071034,0.247561,13249.761905,13249.761905,1107.326746,300366.982382,161564.099430,88981.904000,236810.596021
low_prepayment,base,0.600000,18,300366.982382,0.241848,13249.761905,13249.761905,1039.109281,286078.111196,152836.600650,88274.983817,227723.893923
low_prepayment,base,0.600000,19,286078.111196,0.238403,13249.761905,13249.761905,971.232434,271857.116857,144151.846565,86707.506115,217876.200705
low_prepayment,base,0.600000,20,271857.116857,0.234613,13249.761905,13249.761905,903.694440,257703.660512,135509.618937,85146.714204,208075.822577
low_prepayment,base,0.600000,21,257703.660512,0.230424,13249.761905,13249.761905,836.493544,243617.405064,126909.700681,83592.579569,198322.523186
low_prepayment,base,0.600000,22,243617.405064,0.225769,13249.761905,13249.761905,769.627997,229598.015162,118351.875855,82045.073813,188616.067397
low_prepayment,base,0.600000,23,229598.015162,0.220567,13249.761905,12407.615300,707.056766,216483.343095,109835.929657,80504.168662,178956.221290
low_prepayment,base,0.600000,24,216483.343095,0.215443,13249.761905,9291.428571,659.454536,206532.459989,101881.323677,78969.835963,169843.460432
low_prepayment,base,0.600000,25,206532.459989,0.212583,9291.428571,9291.428571,612.095005,196628.936412,95888.675237,77442.047682,162627.256034
low_prepayment,base,0.600000,26,196628.936412,0.209445,9291.428571,9291.428571,564.976876,186772.530965,89925.791371,75920.775906,155445.909220
low_prepayment,base,0.600000,27,186772.530965,0.206666,9291.428571,9291.428571,518.098858,176963.003535,83992.515746,74267.405474,148172.961628
low_prepayment,base,0.600000,28,176963.003535,0.206151,9291.428571,9291.428571,471.459667,167200.115297,78088.692880,72123.788806,140481.917110
low_prepayment,base,0.600000,29,167200.115297,0.205580,9291.428571,9291.428571,425.058027,157483.628698,72214.168144,69988.763107,132827.167517
low_prepayment,base,0.600000,30,157483.628698,0.204943,9291.428571,9291.428571,378.892668,147813.307459,66368.787751,67862.293608,125208.531841
low_prepayment,base,0.600000,31,147813.307459,0.204227,9291.428571,9291.428571,332.962327,138188.916561,60552.398756,65744.345685,117625.830021
low_prepayment,base,0.600000,32,138188.916561,0.203417,9291.428571,9291.428571,287.265749,128610.222241,54764.849048,63634.884852,110078.882932
low_prepayment,base,0.600000,33,128610.222241,0.202493,9291.428571,7873.365832,250.351622,120486.504787,49005.987346,61533.876766,102567.512386
low_prepayment,base,0.600000,34,120486.504787,0.202849,9291.428571,3629.204050,236.568428,116620.732309,44262.322159,59441.287223,96045.902755
low_prepayment,base,0.600000,35,116620.732309,0.204063,9291.428571,1791.428571,230.675604,114598.628133,42287.458386,58012.320842,92822.803881
low_prepayment,base,0.600000,36,114598.628133,0.202819,133800.000000,114598.628133,0.000000,0.000000,41344.597707,57394.082397,91355.797562
low_prepayment,downside,0.250000,1,554000.000000,0.483081,13249.761905,13249.761905,1333.785850,539416.452245,240720.000000,72544.901975,286372.856343
low_prepayment,downside,0.250000,2,539416.452245,0.481450,13249.761905,13249.761905,1292.504155,524874.186185,233580.852832,72544.901975,279714.421788
low_prepayment,downside,0.250000,3,524874.186185,0.479731,13249.761905,13249.761905,1251.344915,510373.079365,226462.647776,72544.901975,273075.532919
low_prepayment,downside,0.250000,4,510373.079365,0.477919,13249.761905,13249.761905,1210.307752,495913.009709,219365.321039,72544.901975,266456.130170
low_prepayment,downside,0.250000,5,495913.009709,0.476005,13249.761905,13249.761905,1169.392291,481493.855512,212288.809030,72544.901975,259856.154162
low_prepayment,downside,0.250000,6,481493.855512,0.473980,13249.761905,13249.761905,1128.598159,467115.495449,205233.048359,72544.901975,253275.545703
low_prepayment,downside,0.250000,7,467115.495449,0.471835,13249.761905,13249.761905,1087.924982,452777.808562,198197.975833,72544.901975,246714.245787
low_prepayment,downside,0.250000,8,452777.808562,0.469558,13249.761905,13249.761905,1047.372389,438480.674268,191183.528458,72544.901975,240172.195592
low_prepayment,downside,0.250000,9,438480.674268,0.467139,13249.761905,13249.761905,1006.940009,424223.972355,184189.643438,72544.901975,233649.336482
low_prepayment,downside,0.250000,10,424223.972355,0.464562,13249.761905,13249.761905,966.627473,410007.582977,177216.258172,72544.901975,227145.610004
low_prepayment,downside,0.250000,11,410007.582977,0.461812,13249.761905,13249.761905,926.434413,395831.386660,170263.310259,72544.901975,220660.957890
low_prepayment,downside,0.250000,12,395831.386660,0.458872,13249.761905,13249.761905,886.360461,381695.264294,163330.737492,72544.901975,214195.322054
low_prepayment,downside,0.250000,13,381695.264294,0.455721,13249.761905,13249.761905,846.405252,367599.097137,156418.477857,72544.901975,207748.644592
low_prepayment,downside,0.250000,14,367599.097137,0.452336,13249.761905,13249.761905,806.568422,353542.766810,149526.469539,72544.901975,201320.867781
low_prepayment,downside,0.250000,15,353542.766810,0.448689,13249.761905,13249.761905,766.849606,339526.155299,142654.650914,72544.901975,194911.934082
low_prepayment,downside,0.250000,16,339526.155299,0.444750,13249.761905,13249.761905,727.248443,325549.144951,135802.960552,72544.901975,188521.786133
low_prepayment,downside,0.250000,17,325549.144951,0.440483,13249.761905,13249.761905,687.764571,311611.618476,128971.337214,72544.901975,182150.366755
low_prepayment,downside,0.250000,18,311611.618476,0.435844,13249.761905,13249.761905,648.397630,297713.458941,122159.719857,72544.901975,175797.618947
low_prepayment,downside,0.250000,19,297713.458941,0.430783,13249.761905,13249.761905,609.147260,283854.549776,115368.047625,72544.901975,169463.485886
low_prepayment,downside,0.250000,20,283854.549776,0.425241,13249.761905,13249.761905,570.013106,270034.774766,108596.259856,72544.901975,163147.910929
low_prepayment,downside,0.250000,21,270034.774766,0.419146,13249.761905,13249.761905,530.994808,256254.018053,101844.296078,72544.901975,156850.837609
low_prepayment,downside,0.250000,22,256254.018053,0.412410,13249.761905,13249.761905,492.092013,242512.164135,95112.096005,72544.901975,150572.209637
low_prepayment,downside,0.250000,23,242512.164135,0.404929,13249.761905,13249.761905,453.304365,228809.097865,88399.599545,72544.901975,144311.970902
low_prepayment,downside,0.250000,24,228809.097865,0.397439,13249.761905,10321.206897,422.809479,218065.081490,81706.746792,72321.628154,137871.417153
low_prepayment,downside,0.250000,25,218065.081490,0.397897,9291.428571,9291.428571,395.281846,208378.371073,76493.666547,70404.586848,131297.730340
low_prepayment,downside,0.250000,26,208378.371073,0.399077,9291.428571,9291.428571,367.837500,198719.105001,71809.484532,68492.405335,125219.459578
low_prepayment,downside,0.250000,27,198719.105001,0.400367,9291.428571,9291.428571,340.476179,189087.200251,67139.267642,66585.071295,119158.562348
low_prepayment,downside,0.250000,28,189087.200251,0.401784,9291.428571,9291.428571,313.197617,179482.574062,62482.972078,64682.572439,113114.986735
low_prepayment,downside,0.250000,29,179482.574062,0.403348,9291.428571,9291.428571,286.001554,169905.143937,57840.554182,62784.896511,107088.680987
low_prepayment,downside,0.250000,30,169905.143937,0.405082,9291.428571,9291.428571,258.887728,160354.827637,53211.970439,60892.031283,101079.593512
low_prepayment,downside,0.250000,31,160354.827637,0.407017,9291.428571,9291.428571,231.855878,150831.543187,48597.177475,59003.964561,95087.672878
low_prepayment,downside,0.250000,32,150831.543187,0.409189,9291.428571,9291.428571,204.905745,141335.208871,43996.132056,57120.684180,89112.867813
low_prepayment,downside,0.250000,33,141335.208871,0.411646,9291.428571,9291.428571,178.037070,131865.743229,39408.791093,55242.178006,83155.127202
low_prepayment,downside,0.250000,34,131865.743229,0.414447,9291.428571,8963.815304,152.418925,122749.509000,34835.111631,53368.433936,77214.400091
low_prepayment,downside,0.250000,35,122749.509000,0.417775,9291.428571,3426.696292,144.884732,119177.927976,30464.388343,51499.439899,71467.780486
low_prepayment,downside,0.250000,36,119177.927976,0.418035,133800.000000,119177.927976,0.000000,0.000000,29070.523610,50583.689975,69357.383314
low_prepayment,upside,0.150000,1,554000.000000,0.224850,13249.761905,13249.761905,2827.208404,537923.029691,351520.000000,89607.893760,429432.862610
low_prepayment,upside,0.150000,2,537923.029691,0.221924,13249.761905,13249.761905,2730.675405,521942.592381,340439.849290,89607.893760,418544.748012
low_prepayment,upside,0.150000,3,521942.592381,0.218834,13249.761905,13249.761905,2634.751731,506058.078745,329428.043064,89607.893760,407723.807520
low_prepayment,upside,0.150000,4,506058.078745,0.215565,13249.761905,13249.761905,2539.433392,490268.883448,318484.141331,89607.893760,396969.608619
low_prepayment,upside,0.150000,5,490268.883448,0.212102,13249.761905,13249.761905,2444.716421,474574.405123,307607.707030,89607.893760,386281.721673
low_prepayment,upside,0.150000,6,474574.405123,0.208428,13249.761905,13249.761905,2350.596880,458974.046338,296798.306006,89607.893760,375659.719908
low_prepayment,upside,0.150000,7,458974.046338,0.204523,13249.761905,13249.761905,2257.070857,443467.213576,286055.506994,89607.893760,365103.179386
low_prepayment,upside,0.150000,8,443467.213576,0.200366,13249.761905,13249.761905,2164.134466,428053.317206,275378.881595,89607.893760,354611.678991
low_prepayment,upside,0.150000,9,428053.317206,0.195930,13249.761905,13249.761905,2071.783848,412731.771453,264768.004262,89607.893760,344184.800405
low_prepayment,upside,0.150000,10,412731.771453,0.191189,13249.761905,13249.761905,1980.015169,397501.994379,254222.452276,89607.893760,333822.128095
low_prepayment,upside,0.150000,11,397501.994379,0.186109,13249.761905,13249.761905,1888.824622,382363.407853,243741.805726,89607.893760,323523.249289
low_prepayment,upside,0.150000,12,382363.407853,0.180654,13249.761905,13249.761905,1798.208425,367315.437523,233325.647495,89607.893760,313287.753958
low_prepayment,upside,0.150000,13,367315.437523,0.174782,13249.761905,13249.761905,1708.162821,352357.512798,222973.563237,89607.893760,303115.234799
low_prepayment,upside,0.150000,14,352357.512798,0.168443,13249.761905,13249.761905,1618.684079,337489.066814,212685.141359,89607.893760,293005.287215
low_prepayment,upside,0.150000,15,337489.066814,0.164354,13249.761905,13249.761905,1529.768495,322709.536414,202459.973000,88626.886909,282021.304483
low_prepayment,upside,0.150000,16,322709.536414,0.160937,13249.761905,13249.761905,1441.412385,308018.362125,192297.652016,87304.984021,270773.764673
low_prepayment,upside,0.150000,17,308018.362125,0.157211,13249.761905,13249.761905,1353.612095,293414.988125,182197.774962,85990.171521,259594.365275
low_prepayment,upside,0.150000,18,293414.988125,0.153136,13249.761905,13249.761905,1266.363992,278898.862228,172159.941068,84682.411377,248482.676040
low_prepayment,upside,0.150000,19,278898.862228,0.148658,13249.761905,13249.761905,1179.664470,264469.435853,162183.752226,83381.665762,237438.269528
low_prepayment,upside,0.150000,20,264469.435853,0.144116,13249.761905,13249.761905,1093.509946,250126.164002,152268.812970,81975.515917,226355.095245
low_prepayment,upside,0.150000,21,250126.164002,0.140760,13249.761905,13249.761905,1007.896861,235868.505236,142414.730458,80129.518903,214918.427090
low_prepayment,upside,0.150000,22,235868.505236,0.137019,13249.761905,13249.761905,922.821680,221695.921651,132621.114455,78292.809177,203550.017676
low_prepayment,upside,0.150000,23,221695.921651,0.132824,13249.761905,11266.737494,850.016520,209579.167637,122887.577311,76465.339546,192249.441053
low_prepayment,upside,0.150000,24,209579.167637,0.129824,13249.761905,9291.428571,789.362781,199498.376285,114593.636100,74647.063056,182370.760456
low_prepayment,upside,0.150000,25,199498.376285,0.128312,9291.428571,9291.428571,729.098261,189477.849453,107725.373096,72837.932995,173900.269531
low_prepayment,upside,0.150000,26,189477.849453,0.126650,9291.428571,9291.428571,669.220337,179517.200544,100899.788822,71037.902890,165480.396827
low_prepayment,upside,0.150000,27,179517.200544,0.124815,9291.428571,9291.428571,609.726407,169616.045566,94116.601991,69246.926505,157110.821729
low_prepayment,upside,0.150000,28,169616.045566,0.122776,9291.428571,9291.428571,550.613882,159774.003112,87375.533250,67464.957844,148791.225747
low_prepayment,upside,0.150000,29,159774.003112,0.120500,9291.428571,9291.428571,491.880197,149990.694344,80676.305164,65691.951145,140521.292501
low_prepayment,upside,0.150000,30,149990.694344,0.117941,9291.428571,9291.428571,433.522799,140265.742974,74018.642203,63927.860880,132300.707709
low_prepayment,upside,0.150000,31,140265.742974,0.115043,9291.428571,9291.428571,375.539157,130598.775245,67402.270728,62172.641756,124129.159171
low_prepayment,upside,0.150000,32,130598.775245,0.111735,9291.428571,8939.024928,320.605574,121339.144743,60826.918979,60426.248710,116006.336755
low_prepayment,upside,0.150000,33,121339.144743,0.108283,9291.428571,5089.303916,295.204911,115954.635916,54565.102425,58688.636911,108200.215918
low_prepayment,upside,0.150000,34,115954.635916,0.108459,9291.428571,1791.428571,287.617937,113875.589408,51316.775019,56972.458167,103378.290426
low_prepayment,upside,0.150000,35,113875.589408,0.106273,9291.428571,1791.428571,280.060088,111804.100749,50183.359839,56445.770660,101773.690846
low_prepayment,upside,0.150000,36,111804.100749,0.104010,133800.000000,111804.100749,0.000000,0.000000,49054.199906,55921.329644,100175.369264
low_cure,base,0.600000,1,554000.000000,0.463136,13249.761905,13249.761905,4618.331199,536131.906896,199680.000000,114781.557600,297422.843182
low_cure,base,0.600000,2,536131.906896,0.457982,13249.761905,13249.761905,4442.854007,518439.290984,192607.316183,114781.557600,290592.942749
low_cure,base,0.600000,3,518439.290984,0.452525,13249.761905,13249.761905,4269.194725,500920.334354,185606.355709,114781.557600,283832.333091
low_cure,base,0.600000,4,500920.334354,0.446738,13249.761905,13249.761905,4097.333768,483573.238681,178676.358310,114781.557600,277140.279529
low_cure,base,0.600000,5,483573.238681,0.440589,13249.761905,13249.761905,3927.251768,466396.225008,171816.572060,114781.557600,270516.055442
low_cure,base,0.600000,6,466396.225008,0.434046,13249.761905,13249.761905,3758.929572,449387.533531,165026.253275,114781.557600,263958.942178
low_cure,base,0.600000,7,449387.533531,0.427069,13249.761905,13249.761905,3592.348239,432545.423387,158304.666422,114781.557600,257468.228965
low_cure,base,0.600000,8,432545.423387,0.419614,13249.761905,13249.761905,3427.489041,415868.172442,151651.084028,114781.557600,251043.212817
low_cure,base,0.600000,9,415868.172442,0.411633,13249.761905,13249.761905,3264.333454,399354.077083,145064.786590,114781.557600,244683.198454
low_cure,base,0.600000,10,399354.077083,0.403067,13249.761905,13249.761905,3102.863162,383001.452016,138545.062483,114781.557600,238387.498207
low_cure,base,0.600000,11,383001.452016,0.393852,13249.761905,13249.761905,2943.060053,366808.630059,132091.207870,114781.557600,232155.431941
low_cure,base,0.600000,12,366808.630059,0.383912,13249.761905,13249.761905,2784.906213,350773.961941,125702.526620,114781.557600,225986.326961
low_cure,base,0.600000,13,350773.961941,0.373159,13249.761905,13249.761905,2628.383929,334895.816108,119378.330216,114781.557600,219879.517936
low_cure,base,0.600000,14,334895.816108,0.361490,13249.761905,13249.761905,2473.475682,319172.578521,113117.937673,114781.557600,213834.346813
low_cure,base,0.600000,15,319172.578521,0.348784,13249.761905,13249.761905,2320.164151,303602.652465,106920.675449,114781.557600,207850.162734
low_cure,base,0.600000,16,303602.652465,0.335106,13249.761905,13249.761905,2168.432202,288184.458359,100785.877365,114714.380150,201863.693493
low_cure,base,0.600000,17,288184.458359,0.327733,13249.761905,13249.761905,2018.262894,272916.433560,94712.884523,112287.391920,193736.916943
low_cure,base,0.600000,18,272916.433560,0.319612,13249.761905,13249.761905,1869.639473,257797.032181,88701.045220,109881.619476,185688.996376
low_cure,base,0.600000,19,257797.032181,0.310624,13249.761905,13249.761905,1722.545370,242824.724907,82749.714869,107496.877359,177719.136019
low_cure,base,0.600000,20,242824.724907,0.300621,13249.761905,13249.761905,1576.964199,227997.998803,76858.255922,105132.981730,169826.548410
low_cure,base,0.600000,21,227997.998803,0.289422,13249.761905,13249.761905,1432.879755,213315.357143,71026.037788,102789.750357,162010.454311
low_cure,base,0.600000,22,213315.357143,0.276798,13249.761905,11933.035212,1303.001059,200079.320873,65252.436753,100467.002601,154270.082616
low_cure,base,0.600000,23,200079.320873,0.264737,13249.761905,9291.428571,1199.993123,189587.899178,60062.348573,98164.559402,147111.002901
low_cure,base,0.600000,24,189587.899178,0.259819,13249.761905,9291.428571,1098.065866,179198.404740,55978.851101,95105.697764,140329.444015
low_cure,base,0.600000,25,179198.404740,0.255438,9291.428571,9291.428571,997.207348,168909.768820,51936.921835,91866.595774,133424.264233
low_cure,base,0.600000,26,168909.768820,0.250585,9291.428571,9291.428571,897.405768,158720.934481,47936.110889,88654.033800,126583.443650
low_cure,base,0.600000,27,158720.934481,0.245176,9291.428571,9291.428571,798.649459,148630.856450,43975.973458,85467.792129,119806.348199
low_cure,base,0.600000,28,148630.856450,0.239106,9291.428571,9291.428571,700.926888,138638.500991,40056.069759,82307.652884,113092.350374
low_cure,base,0.600000,29,138638.500991,0.232242,9291.428571,9291.428571,604.226654,128742.845766,36175.964971,79173.400010,106440.829160
low_cure,base,0.600000,30,128742.845766,0.224414,9291.428571,8681.952302,516.149795,119544.743669,32335.229181,76064.819255,99851.169965
low_cure,base,0.600000,31,119544.743669,0.217133,9291.428571,5124.761905,473.406805,113946.574958,28807.285425,72981.698156,93587.648495
low_cure,base,0.600000,32,113946.574958,0.219569,9291.428571,3129.719925,448.443802,110368.411231,26912.751412,69923.826026,88927.457875
low_cure,base,0.600000,33,110368.411231,0.219205,9291.428571,1791.428571,435.364490,108141.618170,25752.832344,68148.748872,86175.092040
low_cure,base,0.600000,34,108141.618170,0.216784,9291.428571,1791.428571,422.366349,105927.823249,25084.148780,67231.222622,84698.192080
low_cure,base,0.600000,35,105927.823249,0.214267,9291.428571,1791.428571,409.448858,103726.945819,24419.536547,66320.049674,83230.984695
low_cure,base,0.600000,36,103726.945819,0.211647,133800.000000,103726.945819,0.000000,0.000000,23758.969699,65415.186036,81773.404914
low_cure,downside,0.250000,1,554000.000000,0.604769,13249.761905,13249.761905,2710.452415,538039.785680,156468.000000,85225.566221,218958.213480
low_cure,downside,0.250000,2,538039.785680,0.601842,13249.761905,13249.761905,2618.584236,522171.439539,151392.814442,85225.566221,214224.741883
low_cure,downside,0.250000,3,522171.439539,0.598753,13249.761905,13249.761905,2527.271821,506394.405813,146347.959983,85225.566221,209519.579957
low_cure,downside,0.250000,4,506394.405813,0.595488,13249.761905,13249.761905,2436.511681,490708.132227,141333.248050,85225.566221,204842.551609
low_cure,downside,0.250000,5,490708.132227,0.592031,13249.761905,13249.761905,2346.300349,475112.069973,136348.491282,85225.566221,200193.481878
low_cure,downside,0.250000,6,475112.069973,0.588366,13249.761905,13249.761905,2256.634380,459605.673688,131393.503515,85225.566221,195572.196927
low_cure,downside,0.250000,7,459605.673688,0.584473,13249.761905,13249.761905,2167.510353,444188.401430,126468.099784,85225.566221,190978.524031
low_cure,downside,0.250000,8,444188.401430,0.580331,13249.761905,13249.761905,2078.924866,428859.714660,121572.096305,85225.566221,186412.291575
low_cure,downside,0.250000,9,428859.714660,0.575914,13249.761905,13249.761905,1990.874542,413619.078213,116705.310475,85225.566221,181873.329045
low_cure,downside,0.250000,10,413619.078213,0.571196,13249.761905,13249.761905,1903.356025,398465.960283,111867.560862,85225.566221,177361.467017
low_cure,downside,0.250000,11,398465.960283,0.566145,13249.761905,13249.761905,1816.365980,383399.832398,107058.667195,85225.566221,172876.537157
low_cure,downside,0.250000,12,383399.832398,0.560724,13249.761905,13249.761905,1729.901093,368420.169401,102278.450359,85225.566221,168418.372208
low_cure,downside,0.250000,13,368420.169401,0.554892,13249.761905,13249.761905,1643.958074,353526.449422,97526.732385,85225.566221,163986.805985
low_cure,downside,0.250000,14,353526.449422,0.548600,13249.761905,13249.761905,1558.533651,338718.153866,92803.336446,85225.566221,159581.673369
low_cure,downside,0.250000,15,338718.153866,0.541794,13249.761905,13249.761905,1473.624576,323994.767385,88108.086847,85225.566221,155202.810298
low_cure,downside,0.250000,16,323994.767385,0.534406,13249.761905,13249.761905,1389.227620,309355.777861,83440.809017,85225.566221,150850.053759
low_cure,downside,0.250000,17,309355.777861,0.526360,13249.761905,13249.761905,1305.339575,294800.676381,78801.329502,85225.566221,146523.241787
low_cure,downside,0.250000,18,294800.676381,0.517565,13249.761905,13249.761905,1221.957255,280328.957221,74189.475961,85225.566221,142222.213450
low_cure,downside,0.250000,19,280328.957221,0.507911,13249.761905,13249.761905,1139.077494,265940.117822,69605.077154,85225.566221,137946.808850
low_cure,downside,0.250000,20,265940.117822,0.497267,13249.761905,13249.761905,1056.697146,251633.658772,65047.962936,85225.566221,133696.869109
low_cure,downside,0.250000,21,251633.658772,0.485473,13249.761905,13249.761905,974.813085,237409.083782,60517.964253,85225.566221,129472.236369
low_cure,downside,0.250000,22,237409.083782,0.472334,13249.761905,13249.761905,893.422205,223265.899672,56014.913129,85225.566221,125272.753779
low_cure,downside,0.250000,23,223265.899672,0.461115,13249.761905,11493.008356,822.488797,210950.402519,51538.642666,84344.777274,120314.621282
low_cure,downside,0.250000,24,210950.402519,0.457402,13249.761905,9291.428571,764.477073,200894.496874,47656.692538,81837.540389,114461.287690
low_cure,downside,0.250000,25,200894.496874,0.455925,9291.428571,9291.428571,706.822232,190896.246071,44509.425236,79343.198256,109301.590638
low_cure,downside,0.250000,26,190896.246071,0.454305,9291.428571,9291.428571,649.521968,180955.295532,41381.204920,76861.684557,104171.119304
low_cure,downside,0.250000,27,180955.295532,0.452518,9291.428571,9291.428571,592.573991,171071.292969,38271.909991,74392.933315,99069.701222
low_cure,downside,0.250000,28,171071.292969,0.450538,9291.428571,9291.428571,535.976028,161243.888370,35181.419657,71936.878891,93997.164980
low_cure,downside,0.250000,29,161243.888370,0.448330,9291.428571,9291.428571,479.725820,151472.733978,32109.613928,69493.455988,88953.340220
low_cure,downside,0.250000,30,151472.733978,0.445854,9291.428571,9291.428571,423.821123,141757.484284,29056.373607,67062.599639,83938.057623
low_cure,downside,0.250000,31,141757.484284,0.443055,9291.428571,9291.428571,368.259707,132097.796006,26021.580289,64644.245216,78951.148909
low_cure,downside,0.250000,32,132097.796006,0.439866,9291.428571,9291.428571,313.039360,122493.328075,23005.116353,62238.328421,73992.446828
low_cure,downside,0.250000,33,122493.328075,0.436200,9291.428571,5382.783064,286.632018,116823.912993,20006.864958,59844.785287,69061.785153
low_cure,downside,0.250000,34,116823.912993,0.439091,9291.428571,2125.505958,277.658802,114420.748233,18489.534642,57463.552176,65527.622423
low_cure,downside,0.250000,35,114420.748233,0.433679,9291.428571,1791.428571,270.439319,112358.880342,17929.469888,57225.020921,64798.839366
low_cure,downside,0.250000,36,112358.880342,0.427071,133800.000000,112358.880342,0.000000,0.000000,17466.655202,57225.020921,64373.618678
low_cure,upside,0.150000,1,554000.000000,0.381913,13249.761905,13249.761905,5856.233958,534894.004137,228488.000000,125414.017344,342420.241277
low_cure,upside,0.150000,2,534894.004137,0.375553,13249.761905,13249.761905,5618.049111,516026.193121,219932.664612,125414.017344,334013.193475
low_cure,upside,0.150000,3,516026.193121,0.368803,13249.761905,13249.761905,5383.003625,497393.427591,211487.157862,125414.017344,325714.095381
low_cure,upside,0.150000,4,497393.427591,0.361629,13249.761905,13249.761905,5151.054417,478992.611269,203150.001824,125414.017344,317521.494149
low_cure,upside,0.150000,5,478992.611269,0.353990,13249.761905,13249.761905,4922.159014,460820.690351,194919.739183,125414.017344,309433.957193
low_cure,upside,0.150000,6,460820.690351,0.345841,13249.761905,13249.761905,4696.275541,442874.652905,186794.932940,125414.017344,301450.071902
low_cure,upside,0.150000,7,442874.652905,0.337130,13249.761905,13249.761905,4473.362721,425151.528279,178774.166119,125414.017344,293568.445348
low_cure,upside,0.150000,8,425151.528279,0.327798,13249.761905,13249.761905,4253.379856,407648.386518,170856.041481,125414.017344,285787.704009
low_cure,upside,0.150000,9,407648.386518,0.317779,13249.761905,13249.761905,4036.286828,390362.337786,163039.181240,125414.017344,278106.493487
low_cure,upside,0.150000,10,390362.337786,0.306994,13249.761905,13249.761905,3822.044081,373290.531799,155322.226787,125414.017344,270523.478237
low_cure,upside,0.150000,11,373290.531799,0.295355,13249.761905,13249.761905,3610.612624,356430.157271,147703.838411,125414.017344,263037.341293
low_cure,upside,0.150000,12,356430.157271,0.282758,13249.761905,13249.761905,3401.954012,339778.441354,140182.695033,125414.017344,255646.784006
low_cure,upside,0.150000,13,339778.441354,0.271419,13249.761905,13249.761905,3196.030345,323332.649104,132757.493934,124581.495275,247556.024531
low_cure,upside,0.150000,14,323332.649104,0.263614,13249.761905,13249.761905,2992.804259,307090.082940,125426.950500,122218.447894,238097.674242
low_cure,upside,0.150000,15,307090.082940,0.255085,13249.761905,13249.761905,2792.238915,291048.082121,118189.797954,119881.549838,228756.070052
low_cure,upside,0.150000,16,291048.082121,0.245727,13249.761905,13249.761905,2594.297994,275204.022222,111044.787108,117570.511739,219529.707837
low_cure,upside,0.150000,17,275204.022222,0.236891,13249.761905,13249.761905,2398.945692,259555.314626,103990.686110,114852.504431,210010.560957
low_cure,upside,0.150000,18,259555.314626,0.229164,13249.761905,13249.761905,2206.146706,244099.406015,97026.280191,111596.889861,200074.645864
low_cure,upside,0.150000,19,244099.406015,0.220573,13249.761905,13249.761905,2015.866232,228833.777879,90150.371431,108374.987978,190257.758554
low_cure,upside,0.150000,20,228833.777879,0.210963,13249.761905,13249.761905,1828.069957,213755.946017,83361.778508,105186.445946,180558.402152
low_cure,upside,0.150000,21,213755.946017,0.200139,13249.761905,13249.761905,1642.724049,198863.460063,76659.336468,102030.914656,170975.099423
low_cure,upside,0.150000,22,198863.460063,0.187853,13249.761905,9837.951229,1501.593300,187523.915535,70041.896491,98908.048687,161506.392501
low_cure,upside,0.150000,23,187523.915535,0.180606,13249.761905,9291.428571,1369.030066,176863.456898,65041.681356,95817.506266,153655.956220
low_cure,upside,0.150000,24,176863.456898,0.173713,13249.761905,9291.428571,1238.230714,166333.797612,60351.054332,92758.949231,146139.915303
low_cure,upside,0.150000,25,166333.797612,0.166056,9291.428571,9291.428571,1109.170480,155933.198560,55720.513275,89732.042990,138713.043235
low_cure,upside,0.150000,26,155933.198560,0.157497,9291.428571,9291.428571,981.824958,145659.945031,51149.235807,86736.456486,131374.216349
low_cure,upside,0.150000,27,145659.945031,0.147862,9291.428571,9291.428571,856.170100,135512.346359,46636.411330,83771.862158,124122.325885
low_cure,upside,0.150000,28,135512.346359,0.136933,9291.428571,9291.428571,732.182206,125488.735581,42181.240848,80837.935900,116956.277789
low_cure,upside,0.150000,29,125488.735581,0.124423,9291.428571,7631.276836,636.239613,117221.219132,37782.936799,77934.357032,109874.992510
low_cure,upside,0.150000,30,117221.219132,0.115416,9291.428571,5124.761905,581.359301,111515.097926,34269.034158,75060.808257,103692.046284
low_cure,upside,0.150000,31,111515.097926,0.113943,9291.428571,3184.059699,548.505470,107782.532757,32047.876929,72216.975627,98808.745560
low_cure,upside,0.150000,32,107782.532757,0.110891,9291.428571,1791.428571,531.369855,105459.734331,30646.836900,70523.376799,95830.439381
low_cure,upside,0.150000,33,105459.734331,0.106654,9291.428571,1791.428571,514.368152,103153.937607,29831.383436,69650.769810,94212.018761
low_cure,upside,0.150000,34,103153.937607,0.102246,9291.428571,1791.428571,497.499273,100865.009763,29022.131955,68785.790811,92606.840219
low_cure,upside,0.150000,35,100865.009763,0.097657,9291.428571,1791.428571,480.762137,98592.819055,28219.032837,67928.373123,91014.792487
low_cure,upside,0.150000,36,98592.819055,0.092877,133800.000000,98592.819055,0.000000,0.000000,27422.036871,67078.450646,89435.765251
collateral_downturn,base,0.600000,1,554000.000000,0.369031,13249.761905,13249.761905,4618.331199,536131.906896,307200.000000,58394.374500,349556.966718
collateral_downturn,base,0.600000,2,536131.906896,0.367601,13249.761905,13249.761905,4442.854007,518439.290984,296318.947974,58394.374500,339049.427591
collateral_downturn,base,0.600000,3,518439.290984,0.366081,13249.761905,13249.761905,4269.194725,500920.334354,285548.239552,58394.374500,328648.489656
collateral_downturn,base,0.600000,4,500920.334354,0.364464,13249.761905,13249.761905,4097.333768,483573.238681,274886.705092,58394.374500,318353.022637
collateral_downturn,base,0.600000,5,483573.238681,0.362740,13249.761905,13249.761905,3927.251768,466396.225008,264333.187785,58394.374500,308161.908657
collateral_downturn,base,0.600000,6,466396.225008,0.360900,13249.761905,13249.761905,3758.929572,449387.533531,253886.543499,58394.374500,298074.042098
collateral_downturn,base,0.600000,7,449387.533531,0.358931,13249.761905,13249.761905,3592.348239,432545.423387,243545.640649,58394.374500,288088.329462
collateral_downturn,base,0.600000,8,432545.423387,0.356822,13249.761905,13249.761905,3427.489041,415868.172442,233309.360044,58394.374500,278203.689235
collateral_downturn,base,0.600000,9,415868.172442,0.354557,13249.761905,13249.761905,3264.333454,399354.077083,223176.594754,58394.374500,268419.051752
collateral_downturn,base,0.600000,10,399354.077083,0.352120,13249.761905,13249.761905,3102.863162,383001.452016,213146.249973,58394.374500,258733.359066
collateral_downturn,base,0.600000,11,383001.452016,0.349492,13249.761905,13249.761905,2943.060053,366808.630059,203217.242877,58394.374500,249145.564809
collateral_downturn,base,0.600000,12,366808.630059,0.346649,13249.761905,13249.761905,2784.906213,350773.961941,193388.502492,58394.374500,239654.634071
collateral_downturn,base,0.600000,13,350773.961941,0.343567,13249.761905,13249.761905,2628.383929,334895.816108,183658.969564,58394.374500,230259.543264
collateral_downturn,base,0.600000,14,334895.816108,0.340215,13249.761905,13249.761905,2473.475682,319172.578521,174027.596420,58394.374500,220959.279998
collateral_downturn,base,0.600000,15,319172.578521,0.336557,13249.761905,13249.761905,2320.164151,303602.652465,164493.346844,58394.374500,211752.842953
collateral_downturn,base,0.600000,16,303602.652465,0.332551,13249.761905,13249.761905,2168.432202,288184.458359,155055.195947,58394.374500,202639.241758
collateral_downturn,base,0.600000,17,288184.458359,0.328147,13249.761905,13249.761905,2018.262894,272916.433560,145712.130035,58394.374500,193617.496862
collateral_downturn,base,0.600000,18,272916.433560,0.323285,13249.761905,13249.761905,1869.639473,257797.032181,136463.146492,58394.374500,184686.639420
collateral_downturn,base,0.600000,19,257797.032181,0.317891,13249.761905,13249.761905,1722.545370,242824.724907,127307.253645,58394.374500,175845.711165
collateral_downturn,base,0.600000,20,242824.724907,0.311875,13249.761905,13249.761905,1576.964199,227997.998803,118243.470650,58394.374500,167093.764296
collateral_downturn,base,0.600000,21,227997.998803,0.305126,13249.761905,13249.761905,1432.879755,213315.357143,109270.827366,58394.374500,158429.861356
collateral_downturn,base,0.600000,22,213315.357143,0.302012,13249.761905,11933.035212,1303.001059,200079.320873,100388.364236,57362.943243,148891.488228
collateral_downturn,base,0.600000,23,200079.320873,0.301803,13249.761905,9291.428571,1199.993123,189587.899178,92403.613189,55770.058011,139694.853394
collateral_downturn,base,0.600000,24,189587.899178,0.302953,13249.761905,9291.428571,1098.065866,179198.404740,86121.309387,54191.097162,132151.734417
collateral_downturn,base,0.600000,25,179198.404740,0.304216,9291.428571,9291.428571,997.207348,168909.768820,79902.956670,52625.938975,124683.320485
collateral_downturn,base,0.600000,26,168909.768820,0.305613,9291.428571,9291.428571,897.405768,158720.934481,73747.862907,51074.462791,117288.829673
collateral_downturn,base,0.600000,27,158720.934481,0.307165,9291.428571,9291.428571,798.649459,148630.856450,67655.343782,49536.549009,109967.488598
collateral_downturn,base,0.600000,28,148630.856450,0.308902,9291.428571,9291.428571,700.926888,138638.500991,61624.722706,48012.079070,102718.532326
collateral_downturn,base,0.600000,29,138638.500991,0.310861,9291.428571,9291.428571,604.226654,128742.845766,55655.330725,46500.935455,95541.204277
collateral_downturn,base,0.600000,30,128742.845766,0.313090,9291.428571,8681.952302,516.149795,119544.743669,49746.506433,45003.001670,88434.756126
collateral_downturn,base,0.600000,31,119544.743669,0.315688,9291.428571,5124.761905,473.406805,113946.574958,44318.900653,43518.162238,81805.961483
collateral_downturn,base,0.600000,32,113946.574958,0.318804,9291.428571,3129.719925,448.443802,110368.411231,41404.232941,42046.302696,77619.926850
collateral_downturn,base,0.600000,33,110368.411231,0.317264,9291.428571,1791.428571,435.364490,108141.618170,39619.742068,41457.454500,75352.542398
collateral_downturn,base,0.600000,34,108141.618170,0.312322,9291.428571,1791.428571,422.366349,105927.823249,38590.998122,41457.454500,74366.623610
collateral_downturn,base,0.600000,35,105927.823249,0.311143,9291.428571,1791.428571,409.448858,103726.945819,37568.517764,40999.220233,72969.165615
collateral_downturn,base,0.600000,36,103726.945819,0.311679,133800.000000,103726.945819,0.000000,0.000000,36552.261075,40343.125753,71397.383771
collateral_downturn,downside,0.250000,1,554000.000000,0.524145,13249.761905,13249.761905,2710.452415,538039.785680,240720.000000,46038.110869,263623.934030
collateral_downturn,downside,0.250000,2,538039.785680,0.523564,13249.761905,13249.761905,2618.584236,522171.439539,232912.022218,46038.110869,256341.670035
collateral_downturn,downside,0.250000,3,522171.439539,0.522948,13249.761905,13249.761905,2527.271821,506394.405813,225150.707666,46038.110869,249102.959379
collateral_downturn,downside,0.250000,4,506394.405813,0.522294,13249.761905,13249.761905,2436.511681,490708.132227,217435.766231,46038.110869,241907.531151
collateral_downturn,downside,0.250000,5,490708.132227,0.521599,13249.761905,13249.761905,2346.300349,475112.069973,209766.909664,46038.110869,234755.116182
collateral_downturn,downside,0.250000,6,475112.069973,0.520859,13249.761905,13249.761905,2256.634380,459605.673688,202143.851562,46038.110869,227645.447026
collateral_downturn,downside,0.250000,7,459605.673688,0.520071,13249.761905,13249.761905,2167.510353,444188.401430,194566.307359,46038.110869,220578.257955
collateral_downturn,downside,0.250000,8,444188.401430,0.519228,13249.761905,13249.761905,2078.924866,428859.714660,187033.994315,46038.110869,213553.284946
collateral_downturn,downside,0.250000,9,428859.714660,0.518327,13249.761905,13249.761905,1990.874542,413619.078213,179546.631500,46038.110869,206570.265668
collateral_downturn,downside,0.250000,10,413619.078213,0.517360,13249.761905,13249.761905,1903.356025,398465.960283,172103.939788,46038.110869,199628.939471
collateral_downturn,downside,0.250000,11,398465.960283,0.516322,13249.761905,13249.761905,1816.365980,383399.832398,164705.641838,46038.110869,192729.047379
collateral_downturn,downside,0.250000,12,383399.832398,0.515205,13249.761905,13249.761905,1729.901093,368420.169401,157351.462090,46038.110869,185870.332073
collateral_downturn,downside,0.250000,13,368420.169401,0.513999,13249.761905,13249.761905,1643.958074,353526.449422,150041.126746,46038.110869,179052.537885
collateral_downturn,downside,0.250000,14,353526.449422,0.512694,13249.761905,13249.761905,1558.533651,338718.153866,142774.363764,46038.110869,172275.410783
collateral_downturn,downside,0.250000,15,338718.153866,0.511279,13249.761905,13249.761905,1473.624576,323994.767385,135550.902842,46038.110869,165538.698365
collateral_downturn,downside,0.250000,16,323994.767385,0.509739,13249.761905,13249.761905,1389.227620,309355.777861,128370.475410,46038.110869,158842.149844
collateral_downturn,downside,0.250000,17,309355.777861,0.508057,13249.761905,13249.761905,1305.339575,294800.676381,121232.814619,46038.110869,152185.516040
collateral_downturn,downside,0.250000,18,294800.676381,0.506214,13249.761905,13249.761905,1221.957255,280328.957221,114137.655325,46038.110869,145568.549369
collateral_downturn,downside,0.250000,19,280328.957221,0.504186,13249.761905,13249.761905,1139.077494,265940.117822,107084.734083,46038.110869,138991.003830
collateral_downturn,downside,0.250000,20,265940.117822,0.501946,13249.761905,13249.761905,1056.697146,251633.658772,100073.789133,46038.110869,132452.634998
collateral_downturn,downside,0.250000,21,251633.658772,0.499458,13249.761905,13249.761905,974.813085,237409.083782,93104.560389,46038.110869,125953.200013
collateral_downturn,downside,0.250000,22,237409.083782,0.496681,13249.761905,13249.761905,893.422205,223265.899672,86176.789430,46038.110869,119492.457568
collateral_downturn,downside,0.250000,23,223265.899672,0.493563,13249.761905,11493.008356,822.488797,210950.402519,79290.219487,46038.110869,113070.167900
collateral_downturn,downside,0.250000,24,210950.402519,0.490416,13249.761905,9291.428571,764.477073,200894.496874,73317.988520,46038.110869,107496.895532
collateral_downturn,downside,0.250000,25,200894.496874,0.487427,9291.428571,9291.428571,706.822232,190896.246071,68476.038825,46038.110869,102973.106222
collateral_downturn,downside,0.250000,26,190896.246071,0.484135,9291.428571,9291.428571,649.521968,180955.295532,63663.392184,46038.110869,98476.720249
collateral_downturn,downside,0.250000,27,180955.295532,0.482813,9291.428571,9291.428571,592.573991,171071.292969,58879.861524,45566.217197,93587.715418
collateral_downturn,downside,0.250000,28,171071.292969,0.488916,9291.428571,9291.428571,535.976028,161243.888370,54125.261011,43639.900002,87431.754045
collateral_downturn,downside,0.250000,29,161243.888370,0.495724,9291.428571,9291.428571,479.725820,151472.733978,49399.406043,41723.489882,81311.488801
collateral_downturn,downside,0.250000,30,151472.733978,0.503365,9291.428571,9291.428571,423.821123,141757.484284,44702.113242,39816.935883,75226.702789
collateral_downturn,downside,0.250000,31,141757.484284,0.512003,9291.428571,9291.428571,368.259707,132097.796006,40033.200445,37920.187316,69177.180478
collateral_downturn,downside,0.250000,32,132097.796006,0.521849,9291.428571,9291.428571,313.039360,122493.328075,35392.486698,36033.193751,63162.707704
collateral_downturn,downside,0.250000,33,122493.328075,0.533174,9291.428571,5382.783064,286.632018,116823.912993,30779.792243,34155.905018,57183.071651
collateral_downturn,downside,0.250000,34,116823.912993,0.543384,9291.428571,2125.505958,277.658802,114420.748233,28445.437911,32288.271205,53343.635849
collateral_downturn,downside,0.250000,35,114420.748233,0.542194,9291.428571,1791.428571,270.439319,112358.880342,27583.799827,32101.187869,52382.478627
collateral_downturn,downside,0.250000,36,112358.880342,0.539615,133800.000000,112358.880342,0.000000,0.000000,26871.777233,32101.187869,51728.292954
collateral_downturn,upside,0.150000,1,554000.000000,0.275814,13249.761905,13249.761905,5856.233958,534894.004137,351520.000000,59568.883920,401199.083497
collateral_downturn,upside,0.150000,2,534894.004137,0.274127,13249.761905,13249.761905,5618.049111,516026.193121,338357.945557,59568.883920,388265.163801
collateral_downturn,upside,0.150000,3,516026.193121,0.272329,13249.761905,13249.761905,5383.003625,497393.427591,325364.858249,59568.883920,375497.320581
collateral_downturn,upside,0.150000,4,497393.427591,0.270410,13249.761905,13249.761905,5151.054417,478992.611269,312538.464344,59568.883920,362893.318685
collateral_downturn,upside,0.150000,5,478992.611269,0.268358,13249.761905,13249.761905,4922.159014,460820.690351,299876.521819,59568.883920,350450.954138
collateral_downturn,upside,0.150000,6,460820.690351,0.266161,13249.761905,13249.761905,4696.275541,442874.652905,287376.819907,59568.883920,338168.053689
collateral_downturn,upside,0.150000,7,442874.652905,0.263804,13249.761905,13249.761905,4473.362721,425151.528279,275037.178644,59568.883920,326042.474376
collateral_downturn,upside,0.150000,8,425151.528279,0.261270,13249.761905,13249.761905,4253.379856,407648.386518,262855.448432,59568.883920,314072.103085
collateral_downturn,upside,0.150000,9,407648.386518,0.258540,13249.761905,13249.761905,4036.286828,390362.337786,250829.509600,59568.883920,302254.856128
collateral_downturn,upside,0.150000,10,390362.337786,0.255592,13249.761905,13249.761905,3822.044081,373290.531799,238957.271980,59568.883920,290588.678820
collateral_downturn,upside,0.150000,11,373290.531799,0.252401,13249.761905,13249.761905,3610.612624,356430.157271,227236.674479,59568.883920,279071.545060
collateral_downturn,upside,0.150000,12,356430.157271,0.248937,13249.761905,13249.761905,3401.954012,339778.441354,215665.684665,59568.883920,267701.456927
collateral_downturn,upside,0.150000,13,339778.441354,0.245166,13249.761905,13249.761905,3196.030345,323332.649104,204242.298360,59568.883920,256476.444273
collateral_downturn,upside,0.150000,14,323332.649104,0.241046,13249.761905,13249.761905,2992.804259,307090.082940,192964.539230,59568.883920,245394.564326
collateral_downturn,upside,0.150000,15,307090.082940,0.236531,13249.761905,13249.761905,2792.238915,291048.082121,181830.458391,59568.883920,234453.901301
collateral_downturn,upside,0.150000,16,291048.082121,0.231561,13249.761905,13249.761905,2594.297994,275204.022222,170838.134013,59568.883920,223652.566011
collateral_downturn,upside,0.150000,17,275204.022222,0.226070,13249.761905,13249.761905,2398.945692,259555.314626,159985.670938,59568.883920,212988.695488
collateral_downturn,upside,0.150000,18,259555.314626,0.219972,13249.761905,13249.761905,2206.146706,244099.406015,149271.200294,59568.883920,202460.452609
collateral_downturn,upside,0.150000,19,244099.406015,0.215765,13249.761905,13249.761905,2015.866232,228833.777879,138692.879124,58903.769568,191431.286775
collateral_downturn,upside,0.150000,20,228833.777879,0.213977,13249.761905,13249.761905,1828.069957,213755.946017,128248.890012,57541.176705,179868.525344
collateral_downturn,upside,0.150000,21,213755.946017,0.211950,13249.761905,13249.761905,1642.724049,198863.460063,117937.440721,56193.662204,168450.421329
collateral_downturn,upside,0.150000,22,198863.460063,0.209633,13249.761905,9837.951229,1501.593300,187523.915535,107756.763832,54861.059208,157175.078110
collateral_downturn,upside,0.150000,23,187523.915535,0.208868,13249.761905,9291.428571,1369.030066,176863.456898,100064.125163,53543.202708,148356.184257
collateral_downturn,upside,0.150000,24,176863.456898,0.208322,13249.761905,9291.428571,1238.230714,166333.797612,92847.775895,52239.929520,140018.886162
collateral_downturn,upside,0.150000,25,166333.797612,0.207700,9291.428571,9291.428571,1109.170480,155933.198560,85723.866576,50951.078265,131786.247889
collateral_downturn,upside,0.150000,26,155933.198560,0.206988,9291.428571,9291.428571,981.824958,145659.945031,78691.132011,49676.489353,123656.872867
collateral_downturn,upside,0.150000,27,145659.945031,0.206169,9291.428571,9291.428571,856.170100,135512.346359,71748.325123,48416.004956,115629.384034
collateral_downturn,upside,0.150000,28,135512.346359,0.205221,9291.428571,9291.428571,732.182206,125488.735581,64894.216690,47169.468995,107702.423552
collateral_downturn,upside,0.150000,29,125488.735581,0.207378,9291.428571,7631.276836,636.239613,117221.219132,58127.595076,45501.009419,99465.126052
collateral_downturn,upside,0.150000,30,117221.219132,0.211437,9291.428571,5124.761905,581.359301,111515.097926,52721.591012,43694.435569,92436.358801
collateral_downturn,upside,0.150000,31,111515.097926,0.216417,9291.428571,3184.059699,548.505470,107782.532757,49304.426045,41906.487667,87381.292041
collateral_downturn,upside,0.150000,32,107782.532757,0.218377,9291.428571,1791.428571,531.369855,105459.734331,47148.979845,40827.893084,84245.268376
collateral_downturn,upside,0.150000,33,105459.734331,0.217907,9291.428571,1791.428571,514.368152,103153.937607,45894.436055,40255.691780,82479.360093
collateral_downturn,upside,0.150000,34,103153.937607,0.217408,9291.428571,1791.428571,497.499273,100865.009763,44649.433777,39688.492436,80727.495576
collateral_downturn,upside,0.150000,35,100865.009763,0.216878,9291.428571,1791.428571,480.762137,98592.819055,43413.896672,39126.251329,78989.558969
collateral_downturn,upside,0.150000,36,98592.819055,0.216318,133800.000000,98592.819055,0.000000,0.000000,42187.749032,38568.925115,77265.435396
delayed_recovery,base,0.600000,1,554000.000000,0.355570,13249.761905,13249.761905,4618.331199,536131.906896,307200.000000,88981.904000,357014.022099
delayed_recovery,base,0.600000,2,536131.906896,0.352692,13249.761905,13249.761905,4442.854007,518439.290984,296318.947974,88981.904000,347042.617360
delayed_recovery,base,0.600000,3,518439.290984,0.349639,13249.761905,13249.761905,4269.194725,500920.334354,285548.239552,88981.904000,337172.438516
delayed_recovery,base,0.600000,4,500920.334354,0.346398,13249.761905,13249.761905,4097.333768,483573.238681,274886.705092,88981.904000,327402.411854
delayed_recovery,base,0.600000,5,483573.238681,0.342951,13249.761905,13249.761905,3927.251768,466396.225008,264333.187785,88981.904000,317731.475441
delayed_recovery,base,0.600000,6,466396.225008,0.339277,13249.761905,13249.761905,3758.929572,449387.533531,253886.543499,88981.904000,308158.578996
delayed_recovery,base,0.600000,7,449387.533531,0.335356,13249.761905,13249.761905,3592.348239,432545.423387,243545.640649,88981.904000,298682.683752
delayed_recovery,base,0.600000,8,432545.423387,0.331162,13249.761905,13249.761905,3427.489041,415868.172442,233309.360044,88981.904000,289302.762332
delayed_recovery,base,0.600000,9,415868.172442,0.326667,13249.761905,13249.761905,3264.333454,399354.077083,223176.594754,88981.904000,280017.798617
delayed_recovery,base,0.600000,10,399354.077083,0.321838,13249.761905,13249.761905,3102.863162,383001.452016,213146.249973,88981.904000,270826.787621
delayed_recovery,base,0.600000,11,383001.452016,0.316638,13249.761905,13249.761905,2943.060053,366808.630059,203217.242877,88981.904000,261728.735362
delayed_recovery,base,0.600000,12,366808.630059,0.311023,13249.761905,13249.761905,2784.906213,350773.961941,193388.502492,88981.904000,252722.658746
delayed_recovery,base,0.600000,13,350773.961941,0.304944,13249.761905,13249.761905,2628.383929,334895.816108,183658.969564,88981.904000,243807.585437
delayed_recovery,base,0.600000,14,334895.816108,0.298341,13249.761905,13249.761905,2473.475682,319172.578521,174027.596420,88981.904000,234982.553736
delayed_recovery,base,0.600000,15,319172.578521,0.291146,13249.761905,13249.761905,2320.164151,303602.652465,164493.346844,88981.904000,226246.612470
delayed_recovery,base,0.600000,16,303602.652465,0.283414,13249.761905,13249.761905,2168.432202,288184.458359,155055.195947,88935.429035,217557.471752
delayed_recovery,base,0.600000,17,288184.458359,0.279965,13249.761905,13249.761905,2018.262894,272916.433560,145712.130035,87256.380573,207503.037910
delayed_recovery,base,0.600000,18,272916.433560,0.276160,13249.761905,13249.761905,1869.639473,257797.032181,136463.146492,85592.009700,197547.961668
delayed_recovery,base,0.600000,19,257797.032181,0.271942,13249.761905,13249.761905,1722.545370,242824.724907,127307.253645,83942.188110,187691.218606
delayed_recovery,base,0.600000,20,242824.724907,0.267242,13249.761905,13249.761905,1576.964199,227997.998803,118243.470650,82306.788618,177931.795241
delayed_recovery,base,0.600000,21,227997.998803,0.261973,13249.761905,13249.761905,1432.879755,213315.357143,109270.827366,80685.685153,168268.688911
delayed_recovery,base,0.600000,22,213315.357143,0.256027,13249.761905,11933.035212,1303.001059,200079.320873,100388.364236,79078.752743,158700.907653
delayed_recovery,base,0.600000,23,200079.320873,0.250476,13249.761905,9291.428571,1199.993123,189587.899178,92403.613189,77485.867511,149964.188731
delayed_recovery,base,0.600000,24,189587.899178,0.249375,13249.761905,9291.428571,1098.065866,179198.404740,86121.309387,75343.852522,142309.505359
delayed_recovery,base,0.600000,25,179198.404740,0.248868,9291.428571,9291.428571,997.207348,168909.768820,79902.956670,73070.486257,134601.585431
delayed_recovery,base,0.600000,26,168909.768820,0.248308,9291.428571,9291.428571,897.405768,158720.934481,73747.862907,70815.705900,126968.198866
delayed_recovery,base,0.600000,27,158720.934481,0.247682,9291.428571,9291.428571,798.649459,148630.856450,67655.343782,68579.357891,119408.580569
delayed_recovery,base,0.600000,28,148630.856450,0.246980,9291.428571,9291.428571,700.926888,138638.500991,61624.722706,66361.289952,111921.973689
delayed_recovery,base,0.600000,29,138638.500991,0.246186,9291.428571,9291.428571,604.226654,128742.845766,55655.330725,64161.351074,104507.629523
delayed_recovery,base,0.600000,30,128742.845766,0.245280,9291.428571,8681.952302,516.149795,119544.743669,49746.506433,61979.391507,97164.807425
delayed_recovery,base,0.600000,31,119544.743669,0.244798,9291.428571,5124.761905,473.406805,113946.574958,44318.900653,59815.262751,90280.443786
delayed_recovery,base,0.600000,32,113946.574958,0.247683,9291.428571,3129.719925,448.443802,110368.411231,41404.232941,57668.817543,85723.921929
delayed_recovery,base,0.600000,33,110368.411231,0.247952,9291.428571,1791.428571,435.364490,108141.618170,39619.742068,56410.054771,83002.332503
delayed_recovery,base,0.600000,34,108141.618170,0.246289,9291.428571,1791.428571,422.366349,105927.823249,38590.998122,55744.778940,81507.563737
delayed_recovery,base,0.600000,35,105927.823249,0.244558,9291.428571,1791.428571,409.448858,103726.945819,37568.517764,55084.109733,80022.377879
delayed_recovery,base,0.600000,36,103726.945819,0.242755,133800.000000,103726.945819,0.000000,0.000000,36552.261075,54428.015253,78546.711657
delayed_recovery,downside,0.250000,1,554000.000000,0.510825,13249.761905,13249.761905,2710.452415,538039.785680,240720.000000,72544.901975,271002.731317
delayed_recovery,downside,0.250000,2,538039.785680,0.509160,13249.761905,13249.761905,2618.584236,522171.439539,232912.022218,72544.901975,264091.181548
delayed_recovery,downside,0.250000,3,522171.439539,0.507401,13249.761905,13249.761905,2527.271821,506394.405813,225150.707666,72544.901975,257220.990403
delayed_recovery,downside,0.250000,4,506394.405813,0.505540,13249.761905,13249.761905,2436.511681,490708.132227,217435.766231,72544.901975,250391.900529
delayed_recovery,downside,0.250000,5,490708.132227,0.503567,13249.761905,13249.761905,2346.300349,475112.069973,209766.909664,72544.901975,243603.656227
delayed_recovery,downside,0.250000,6,475112.069973,0.501473,13249.761905,13249.761905,2256.634380,459605.673688,202143.851562,72544.901975,236856.003441
delayed_recovery,downside,0.250000,7,459605.673688,0.499248,13249.761905,13249.761905,2167.510353,444188.401430,194566.307359,72544.901975,230148.689742
delayed_recovery,downside,0.250000,8,444188.401430,0.496877,13249.761905,13249.761905,2078.924866,428859.714660,187033.994315,72544.901975,223481.464323
delayed_recovery,downside,0.250000,9,428859.714660,0.494347,13249.761905,13249.761905,1990.874542,413619.078213,179546.631500,72544.901975,216854.077983
delayed_recovery,downside,0.250000,10,413619.078213,0.491643,13249.761905,13249.761905,1903.356025,398465.960283,172103.939788,72544.901975,210266.283122
delayed_recovery,downside,0.250000,11,398465.960283,0.488745,13249.761905,13249.761905,1816.365980,383399.832398,164705.641838,72544.901975,203717.833728
delayed_recovery,downside,0.250000,12,383399.832398,0.485632,13249.761905,13249.761905,1729.901093,368420.169401,157351.462090,72544.901975,197208.485362
delayed_recovery,downside,0.250000,13,368420.169401,0.482281,13249.761905,13249.761905,1643.958074,353526.449422,150041.126746,72544.901975,190737.995157
delayed_recovery,downside,0.250000,14,353526.449422,0.478664,13249.761905,13249.761905,1558.533651,338718.153866,142774.363764,72544.901975,184306.121801
delayed_recovery,downside,0.250000,15,338718.153866,0.474747,13249.761905,13249.761905,1473.624576,323994.767385,135550.902842,72544.901975,177912.625526
delayed_recovery,downside,0.250000,16,323994.767385,0.470494,13249.761905,13249.761905,1389.227620,309355.777861,128370.475410,72544.901975,171557.268103
delayed_recovery,downside,0.250000,17,309355.777861,0.465858,13249.761905,13249.761905,1305.339575,294800.676381,121232.814619,72544.901975,165239.812828
delayed_recovery,downside,0.250000,18,294800.676381,0.460788,13249.761905,13249.761905,1221.957255,280328.957221,114137.655325,72544.901975,158960.024513
delayed_recovery,downside,0.250000,19,280328.957221,0.455220,13249.761905,13249.761905,1139.077494,265940.117822,107084.734083,72544.901975,152717.669478
delayed_recovery,downside,0.250000,20,265940.117822,0.449077,13249.761905,13249.761905,1056.697146,251633.658772,100073.789133,72544.901975,146512.515535
delayed_recovery,downside,0.250000,21,251633.658772,0.442267,13249.761905,13249.761905,974.813085,237409.083782,93104.560389,72544.901975,140344.331986
delayed_recovery,downside,0.250000,22,237409.083782,0.434677,13249.761905,13249.761905,893.422205,223265.899672,86176.789430,72544.901975,134212.889610
delayed_recovery,downside,0.250000,23,223265.899672,0.428791,13249.761905,11493.008356,822.488797,210950.402519,79290.219487,71854.087114,127531.407222
delayed_recovery,downside,0.250000,24,210950.402519,0.428444,13249.761905,9291.428571,764.477073,200894.496874,73317.988520,69887.626813,120569.915227
delayed_recovery,downside,0.250000,25,200894.496874,0.429503,9291.428571,9291.428571,706.822232,190896.246071,68476.038825,67931.280042,114609.709753
delayed_recovery,downside,0.250000,26,190896.246071,0.430664,9291.428571,9291.428571,649.521968,180955.295532,63663.392184,65984.994787,108684.107645
delayed_recovery,downside,0.250000,27,180955.295532,0.431943,9291.428571,9291.428571,592.573991,171071.292969,58879.861524,64048.719303,102792.898464
delayed_recovery,downside,0.250000,28,171071.292969,0.433360,9291.428571,9291.428571,535.976028,161243.888370,54125.261011,62122.402109,96935.873100
delayed_recovery,downside,0.250000,29,161243.888370,0.434938,9291.428571,9291.428571,479.725820,151472.733978,49399.406043,60205.991988,91112.823767
delayed_recovery,downside,0.250000,30,151472.733978,0.436707,9291.428571,9291.428571,423.821123,141757.484284,44702.113242,58299.437989,85323.543990
delayed_recovery,downside,0.250000,31,141757.484284,0.438705,9291.428571,9291.428571,368.259707,132097.796006,40033.200445,56402.689422,79567.828600
delayed_recovery,downside,0.250000,32,132097.796006,0.440979,9291.428571,9291.428571,313.039360,122493.328075,35392.486698,54515.695857,73845.473724
delayed_recovery,downside,0.250000,33,122493.328075,0.443592,9291.428571,5382.783064,286.632018,116823.912993,30779.792243,52638.407124,68156.276775
delayed_recovery,downside,0.250000,34,116823.912993,0.447861,9291.428571,2125.505958,277.658802,114420.748233,28445.437911,50770.773312,64503.076237
delayed_recovery,downside,0.250000,35,114420.748233,0.444190,9291.428571,1791.428571,270.439319,112358.880342,27583.799827,50583.689975,63596.243712
delayed_recovery,downside,0.250000,36,112358.880342,0.439454,133800.000000,112358.880342,0.000000,0.000000,26871.777233,50583.689975,62982.326372
delayed_recovery,upside,0.150000,1,554000.000000,0.266907,13249.761905,13249.761905,5856.233958,534894.004137,351520.000000,89607.893760,406133.546613
delayed_recovery,upside,0.150000,2,534894.004137,0.263667,13249.761905,13249.761905,5618.049111,516026.193121,338357.945557,89607.893760,393860.341016
delayed_recovery,upside,0.150000,3,516026.193121,0.260222,13249.761905,13249.761905,5383.003625,497393.427591,325364.858249,89607.893760,381744.835404
delayed_recovery,upside,0.150000,4,497393.427591,0.256554,13249.761905,13249.761905,5151.054417,478992.611269,312538.464344,89607.893760,369784.906464
delayed_recovery,upside,0.150000,5,478992.611269,0.252643,13249.761905,13249.761905,4922.159014,460820.690351,299876.521819,89607.893760,357978.460508
delayed_recovery,upside,0.150000,6,460820.690351,0.248464,13249.761905,13249.761905,4696.275541,442874.652905,287376.819907,89607.893760,346323.433044
delayed_recovery,upside,0.150000,7,442874.652905,0.243990,13249.761905,13249.761905,4473.362721,425151.528279,275037.178644,89607.893760,334817.788359
delayed_recovery,upside,0.150000,8,425151.528279,0.239190,13249.761905,13249.761905,4253.379856,407648.386518,262855.448432,89607.893760,323459.519107
delayed_recovery,upside,0.150000,9,407648.386518,0.234029,13249.761905,13249.761905,4036.286828,390362.337786,250829.509600,89607.893760,312246.645899
delayed_recovery,upside,0.150000,10,390362.337786,0.228468,13249.761905,13249.761905,3822.044081,373290.531799,238957.271980,89607.893760,301177.216907
delayed_recovery,upside,0.150000,11,373290.531799,0.222457,13249.761905,13249.761905,3610.612624,356430.157271,227236.674479,89607.893760,290249.307466
delayed_recovery,upside,0.150000,12,356430.157271,0.215945,13249.761905,13249.761905,3401.954012,339778.441354,215665.684665,89607.893760,279461.019685
delayed_recovery,upside,0.150000,13,339778.441354,0.210241,13249.761905,13249.761905,3196.030345,323332.649104,204242.298360,89094.695224,268343.088135
delayed_recovery,upside,0.150000,14,323332.649104,0.206694,13249.761905,13249.761905,2992.804259,307090.082940,192964.539230,87638.022181,256501.794861
delayed_recovery,upside,0.150000,15,307090.082940,0.202810,13249.761905,13249.761905,2792.238915,291048.082121,181830.458391,86197.468585,244809.267154
delayed_recovery,upside,0.150000,16,291048.082121,0.198539,13249.761905,13249.761905,2594.297994,275204.022222,170838.134013,84772.856058,233263.547988
delayed_recovery,upside,0.150000,17,275204.022222,0.194735,13249.761905,13249.761905,2398.945692,259555.314626,159985.670938,83080.373443,221612.146313
delayed_recovery,upside,0.150000,18,259555.314626,0.191781,13249.761905,13249.761905,2206.146706,244099.406015,149271.200294,81034.367564,209777.646907
delayed_recovery,upside,0.150000,19,244099.406015,0.188489,13249.761905,13249.761905,2015.866232,228833.777879,138692.879124,79009.485451,198089.284436
delayed_recovery,upside,0.150000,20,228833.777879,0.184801,13249.761905,13249.761905,1828.069957,213755.946017,128248.890012,77005.506615,186545.162421
delayed_recovery,upside,0.150000,21,213755.946017,0.180638,13249.761905,13249.761905,1642.724049,198863.460063,117937.440721,75022.212886,175143.410007
delayed_recovery,upside,0.150000,22,198863.460063,0.175906,13249.761905,9837.951229,1501.593300,187523.915535,107756.763832,73059.388398,163882.181608
delayed_recovery,upside,0.150000,23,187523.915535,0.173707,13249.761905,9291.428571,1369.030066,176863.456898,100064.125163,71116.819556,154949.610688
delayed_recovery,upside,0.150000,24,176863.456898,0.171802,13249.761905,9291.428571,1238.230714,166333.797612,92847.775895,69194.295019,146477.916777
delayed_recovery,upside,0.150000,25,166333.797612,0.169678,9291.428571,9291.428571,1109.170480,155933.198560,85723.866576,67291.605670,138110.560094
delayed_recovery,upside,0.150000,26,155933.198560,0.167296,9291.428571,9291.428571,981.824958,145659.945031,78691.132011,65408.544596,129846.169948
delayed_recovery,upside,0.150000,27,145659.945031,0.164606,9291.428571,9291.428571,856.170100,135512.346359,71748.325123,63544.907065,121683.394576
delayed_recovery,upside,0.150000,28,135512.346359,0.161546,9291.428571,9291.428571,732.182206,125488.735581,64894.216690,61700.490501,113620.900873
delayed_recovery,upside,0.150000,29,125488.735581,0.158033,9291.428571,7631.276836,636.239613,117221.219132,58127.595076,59875.094459,105657.374126
delayed_recovery,upside,0.150000,30,117221.219132,0.155581,9291.428571,5124.761905,581.359301,111515.097926,52721.591012,58068.520609,98983.780647
delayed_recovery,upside,0.150000,31,111515.097926,0.155382,9291.428571,3184.059699,548.505470,107782.532757,49304.426045,56280.572707,94187.709382
delayed_recovery,upside,0.150000,32,107782.532757,0.153640,9291.428571,1791.428571,531.369855,105459.734331,47148.979845,55201.978124,91222.822341
delayed_recovery,upside,0.150000,33,105459.734331,0.150716,9291.428571,1791.428571,514.368152,103153.937607,45894.436055,54629.776820,89565.262795
delayed_recovery,upside,0.150000,34,103153.937607,0.147673,9291.428571,1791.428571,497.499273,100865.009763,44649.433777,54062.577476,87920.891906
delayed_recovery,upside,0.150000,35,100865.009763,0.144504,9291.428571,1791.428571,480.762137,98592.819055,43413.896672,53500.336369,86289.600840
delayed_recovery,upside,0.150000,36,98592.819055,0.141202,133800.000000,98592.819055,0.000000,0.000000,42187.749032,52943.010155,84671.281681
combined_downside,base,0.600000,1,554000.000000,0.553750,13249.761905,13249.761905,2246.608005,538503.630090,199680.000000,75325.397175,247222.613882
combined_downside,base,0.600000,2,538503.630090,0.551352,13249.761905,13249.761905,2172.692688,523081.175498,193542.662213,75325.397175,241598.342343
combined_downside,base,0.600000,3,523081.175498,0.548824,13249.761905,13249.761905,2099.147556,507732.266037,187435.483295,75325.397175,236001.735685
combined_downside,base,0.600000,4,507732.266037,0.546153,13249.761905,13249.761905,2025.970688,492456.533444,181358.308851,75325.397175,230432.652189
combined_downside,base,0.600000,5,492456.533444,0.543328,13249.761905,13249.761905,1953.160170,477253.611369,175310.985301,75325.397175,224890.950888
combined_downside,base,0.600000,6,477253.611369,0.540336,13249.761905,13249.761905,1880.714099,462123.135366,169293.359879,75325.397175,219376.491557
combined_downside,base,0.600000,7,462123.135366,0.537160,13249.761905,13249.761905,1808.630583,447064.742878,163305.280623,75325.397175,213889.134714
combined_downside,base,0.600000,8,447064.742878,0.533784,13249.761905,13249.761905,1736.907739,432078.073234,157346.596378,75325.397175,208428.741615
combined_downside,base,0.600000,9,432078.073234,0.530189,13249.761905,13249.761905,1665.543696,417162.767633,151417.156784,75325.397175,202995.174250
combined_downside,base,0.600000,10,417162.767633,0.526352,13249.761905,13249.761905,1594.536590,402318.469138,145516.812278,75325.397175,197588.295335
combined_downside,base,0.600000,11,402318.469138,0.522249,13249.761905,13249.761905,1523.884570,387544.822663,139645.414085,75325.397175,192207.968315
combined_downside,base,0.600000,12,387544.822663,0.517852,13249.761905,13249.761905,1453.585792,372841.474966,133802.814218,75325.397175,186854.057354
combined_downside,base,0.600000,13,372841.474966,0.513127,13249.761905,13249.761905,1383.638425,358208.074636,127988.865469,75325.397175,181526.427337
combined_downside,base,0.600000,14,358208.074636,0.508037,13249.761905,13249.761905,1314.040645,343644.272087,122203.421408,75325.397175,176224.943859
combined_downside,base,0.600000,15,343644.272087,0.502539,13249.761905,13249.761905,1244.790639,329149.719543,116446.336379,75325.397175,170949.473227
combined_downside,base,0.600000,16,329149.719543,0.496582,13249.761905,13249.761905,1175.886604,314724.071034,110717.465494,75325.397175,165699.882452
combined_downside,base,0.600000,17,314724.071034,0.490106,13249.761905,13249.761905,1107.326746,300366.982382,105016.664629,75325.397175,160476.039250
combined_downside,base,0.600000,18,300366.982382,0.483040,13249.761905,13249.761905,1039.109281,286078.111196,99343.790423,75325.397175,155277.812034
combined_downside,base,0.600000,19,286078.111196,0.475300,13249.761905,13249.761905,971.232434,271857.116857,93698.700267,75325.397175,150105.069910
combined_downside,base,0.600000,20,271857.116857,0.466787,13249.761905,13249.761905,903.694440,257703.660512,88081.252309,75325.397175,144957.682678
combined_downside,base,0.600000,21,257703.660512,0.457379,13249.761905,13249.761905,836.493544,243617.405064,82491.305443,75325.397175,139835.520822
combined_downside,base,0.600000,22,243617.405064,0.446926,13249.761905,13249.761905,769.627997,229598.015162,76928.719306,75325.397175,134738.455512
combined_downside,base,0.600000,23,229598.015162,0.435246,13249.761905,12407.615300,707.056766,216483.343095,71393.354277,75325.397175,129666.358594
combined_downside,base,0.600000,24,216483.343095,0.429700,13249.761905,9291.428571,659.454536,206532.459989,66222.860390,73677.075922,123460.385516
combined_downside,base,0.600000,25,206532.459989,0.429056,9291.428571,9291.428571,612.095005,196628.936412,62327.638904,71468.727407,117918.390533
combined_downside,base,0.600000,26,196628.936412,0.428352,9291.428571,9291.428571,564.976876,186772.530965,58451.764391,69269.798202,112402.566422
combined_downside,base,0.600000,27,186772.530965,0.427578,9291.428571,9291.428571,518.098858,176963.003535,54595.135235,67080.248132,106912.783937
combined_downside,base,0.600000,28,176963.003535,0.426722,9291.428571,9291.428571,471.459667,167200.115297,50757.650372,64900.037190,101448.914497
combined_downside,base,0.600000,29,167200.115297,0.425773,9291.428571,9291.428571,425.058027,157483.628698,46939.209294,62729.125543,96010.830180
combined_downside,base,0.600000,30,157483.628698,0.424712,9291.428571,9291.428571,378.892668,147813.307459,43139.712038,60567.473527,90598.403721
combined_downside,base,0.600000,31,147813.307459,0.423519,9291.428571,9291.428571,332.962327,138188.916561,39359.059191,58415.041645,85211.508506
combined_downside,base,0.600000,32,138188.916561,0.422168,9291.428571,9291.428571,287.265749,128610.222241,35597.151881,56271.790571,79850.018575
combined_downside,base,0.600000,33,128610.222241,0.420623,9291.428571,7873.365832,250.351622,120486.504787,31853.891775,54137.681147,74513.808609
combined_downside,base,0.600000,34,120486.504787,0.420741,9291.428571,3629.204050,236.568428,116620.732309,28770.509404,52012.674379,69792.880533
combined_downside,base,0.600000,35,116620.732309,0.420503,9291.428571,1791.428571,230.675604,114598.628133,27486.847951,50843.849175,67581.347229
combined_downside,base,0.600000,36,114598.628133,0.415087,133800.000000,114598.628133,0.000000,0.000000,26873.988510,50843.849175,67030.204590
combined_downside,downside,0.250000,1,554000.000000,0.671720,13249.761905,13249.761905,1333.785850,539416.452245,156468.000000,54085.455487,181867.218351
combined_downside,downside,0.250000,2,539416.452245,0.670459,13249.761905,13249.761905,1292.504155,524874.186185,151827.554341,54085.455487,177759.574047
combined_downside,downside,0.250000,3,524874.186185,0.669132,13249.761905,13249.761905,1251.344915,510373.079365,147200.721054,54085.455487,173663.993892
combined_downside,downside,0.250000,4,510373.079365,0.667732,13249.761905,13249.761905,1210.307752,495913.009709,142587.458675,54085.455487,169580.441110
combined_downside,downside,0.250000,5,495913.009709,0.666254,13249.761905,13249.761905,1169.392291,481493.855512,137987.725870,54085.455487,165508.879037
combined_downside,downside,0.250000,6,481493.855512,0.664691,13249.761905,13249.761905,1128.598159,467115.495449,133401.481434,54085.455487,161449.271126
combined_downside,downside,0.250000,7,467115.495449,0.663035,13249.761905,13249.761905,1087.924982,452777.808562,128828.684292,54085.455487,157401.580942
combined_downside,downside,0.250000,8,452777.808562,0.661278,13249.761905,13249.761905,1047.372389,438480.674268,124269.293498,54085.455487,153365.772168
combined_downside,downside,0.250000,9,438480.674268,0.659411,13249.761905,13249.761905,1006.940009,424223.972355,119723.268234,54085.455487,149341.808598
combined_downside,downside,0.250000,10,424223.972355,0.657422,13249.761905,13249.761905,966.627473,410007.582977,115190.567812,54085.455487,145329.654143
combined_downside,downside,0.250000,11,410007.582977,0.655301,13249.761905,13249.761905,926.434413,395831.386660,110671.151668,54085.455487,141329.272824
combined_downside,downside,0.250000,12,395831.386660,0.653032,13249.761905,13249.761905,886.360461,381695.264294,106164.979369,54085.455487,137340.628777
combined_downside,downside,0.250000,13,381695.264294,0.650602,13249.761905,13249.761905,846.405252,367599.097137,101672.010607,54085.455487,133363.686250
combined_downside,downside,0.250000,14,367599.097137,0.647990,13249.761905,13249.761905,806.568422,353542.766810,97192.205201,54085.455487,129398.409603
combined_downside,downside,0.250000,15,353542.766810,0.645178,13249.761905,13249.761905,766.849606,339526.155299,92725.523094,54085.455487,125444.763307
combined_downside,downside,0.250000,16,339526.155299,0.642140,13249.761905,13249.761905,727.248443,325549.144951,88271.924358,54085.455487,121502.711948
combined_downside,downside,0.250000,17,325549.144951,0.638850,13249.761905,13249.761905,687.764571,311611.618476,83831.369189,54085.455487,117572.220218
combined_downside,downside,0.250000,18,311611.618476,0.635273,13249.761905,13249.761905,648.397630,297713.458941,79403.817907,54085.455487,113653.252925
combined_downside,downside,0.250000,19,297713.458941,0.631371,13249.761905,13249.761905,609.147260,283854.549776,74989.230956,54085.455487,109745.774983
combined_downside,downside,0.250000,20,283854.549776,0.627099,13249.761905,13249.761905,570.013106,270034.774766,70587.568907,54085.455487,105849.751420
combined_downside,downside,0.250000,21,270034.774766,0.622400,13249.761905,13249.761905,530.994808,256254.018053,66198.792450,54085.455487,101965.147370
combined_downside,downside,0.250000,22,256254.018053,0.617208,13249.761905,13249.761905,492.092013,242512.164135,61822.862403,54085.455487,98091.928079
combined_downside,downside,0.250000,23,242512.164135,0.611442,13249.761905,13249.761905,453.304365,228809.097865,57459.739704,54085.455487,94230.058901
combined_downside,downside,0.250000,24,228809.097865,0.605000,13249.761905,10321.206897,422.809479,218065.081490,53109.385415,54085.455487,90379.505298
combined_downside,downside,0.250000,25,218065.081490,0.599324,9291.428571,9291.428571,395.281846,208378.371073,49720.883255,54085.455487,87373.543333
combined_downside,downside,0.250000,26,208378.371073,0.593674,9291.428571,9291.428571,367.837500,198719.105001,46676.164946,54085.455487,84669.521144
combined_downside,downside,0.250000,27,198719.105001,0.587490,9291.428571,9291.428571,340.476179,189087.200251,43640.523968,54085.455487,81973.572797
combined_downside,downside,0.250000,28,189087.200251,0.580693,9291.428571,9291.428571,313.197617,179482.574062,40613.931851,54085.455487,79285.672951
combined_downside,downside,0.250000,29,179482.574062,0.583655,9291.428571,9291.428571,286.001554,169905.143937,37596.360218,51872.416995,74726.761334
combined_downside,downside,0.250000,30,169905.143937,0.587972,9291.428571,9291.428571,258.887728,160354.827637,34587.780785,49459.013829,70005.723207
combined_downside,downside,0.250000,31,160354.827637,0.592791,9291.428571,9291.428571,231.855878,150831.543187,31588.165358,47051.728759,65297.852771
combined_downside,downside,0.250000,32,150831.543187,0.598207,9291.428571,9291.428571,204.905745,141335.208871,28597.485837,44650.546272,60603.111844
combined_downside,downside,0.250000,33,141335.208871,0.604335,9291.428571,9291.428571,178.037070,131865.743229,25615.714210,42255.450901,55921.462359
combined_downside,downside,0.250000,34,131865.743229,0.611325,9291.428571,8963.815304,152.418925,122749.509000,22642.822560,39866.427212,51252.866365
combined_downside,downside,0.250000,35,122749.509000,0.619495,9291.428571,3426.696292,144.884732,119177.927976,19801.852423,37483.459814,46706.822969
combined_downside,downside,0.250000,36,119177.927976,0.623100,133800.000000,119177.927976,0.000000,0.000000,18895.840347,36315.878662,44918.131046
combined_downside,upside,0.150000,1,554000.000000,0.483064,13249.761905,13249.761905,2827.208404,537923.029691,228488.000000,83371.818348,286382.522083
combined_downside,upside,0.150000,2,537923.029691,0.480099,13249.761905,13249.761905,2730.675405,521942.592381,221285.902038,83371.818348,279666.759780
combined_downside,upside,0.150000,3,521942.592381,0.476968,13249.761905,13249.761905,2634.751731,506058.078745,214128.227991,83371.818348,272992.456249
combined_downside,upside,0.150000,4,506058.078745,0.473659,13249.761905,13249.761905,2539.433392,490268.883448,207014.691865,83371.818348,266359.344442
combined_downside,upside,0.150000,5,490268.883448,0.470154,13249.761905,13249.761905,2444.716421,474574.405123,199945.009570,83371.818348,259767.159089
combined_downside,upside,0.150000,6,474574.405123,0.466436,13249.761905,13249.761905,2350.596880,458974.046338,192918.898904,83371.818348,253215.636688
combined_downside,upside,0.150000,7,458974.046338,0.462487,13249.761905,13249.761905,2257.070857,443467.213576,185936.079546,83371.818348,246704.515487
combined_downside,upside,0.150000,8,443467.213576,0.458283,13249.761905,13249.761905,2164.134466,428053.317206,178996.273037,83371.818348,240233.535478
combined_downside,upside,0.150000,9,428053.317206,0.453801,13249.761905,13249.761905,2071.783848,412731.771453,172099.202770,83371.818348,233802.438382
combined_downside,upside,0.150000,10,412731.771453,0.449010,13249.761905,13249.761905,1980.015169,397501.994379,165244.593979,83371.818348,227410.967638
combined_downside,upside,0.150000,11,397501.994379,0.443880,13249.761905,13249.761905,1888.824622,382363.407853,158432.173722,83371.818348,221058.868392
combined_downside,upside,0.150000,12,382363.407853,0.438372,13249.761905,13249.761905,1798.208425,367315.437523,151661.670872,83371.818348,214745.887483
combined_downside,upside,0.150000,13,367315.437523,0.432445,13249.761905,13249.761905,1708.162821,352357.512798,144932.816104,83371.818348,208471.773435
combined_downside,upside,0.150000,14,352357.512798,0.426048,13249.761905,13249.761905,1618.684079,337489.066814,138245.341883,83371.818348,202236.276440
combined_downside,upside,0.150000,15,337489.066814,0.419124,13249.761905,13249.761905,1529.768495,322709.536414,131598.982450,83371.818348,196039.148353
combined_downside,upside,0.150000,16,322709.536414,0.411607,13249.761905,13249.761905,1441.412385,308018.362125,124993.473811,83371.818348,189880.142678
combined_downside,upside,0.150000,17,308018.362125,0.403415,13249.761905,13249.761905,1353.612095,293414.988125,118428.553725,83371.818348,183759.014553
combined_downside,upside,0.150000,18,293414.988125,0.394457,13249.761905,13249.761905,1266.363992,278898.862228,111903.961694,83371.818348,177675.520747
combined_downside,upside,0.150000,19,278898.862228,0.384618,13249.761905,13249.761905,1179.664470,264469.435853,105419.438947,83371.818348,171629.419640
combined_downside,upside,0.150000,20,264469.435853,0.373763,13249.761905,13249.761905,1093.509946,250126.164002,98974.728431,83371.818348,165620.471219
combined_downside,upside,0.150000,21,250126.164002,0.364427,13249.761905,13249.761905,1007.896861,235868.505236,92569.574798,82630.532327,158973.313181
combined_downside,upside,0.150000,22,235868.505236,0.359190,13249.761905,13249.761905,922.821680,221695.921651,86203.724395,80554.206357,151146.949192
combined_downside,upside,0.150000,23,221695.921651,0.353316,13249.761905,11266.737494,850.016520,209579.167637,79876.925252,78489.017330,143367.170296
combined_downside,upside,0.150000,24,209579.167637,0.348855,13249.761905,9291.428571,789.362781,199498.376285,74485.863465,76434.905508,136466.347251
combined_downside,upside,0.150000,25,199498.376285,0.346180,9291.428571,9291.428571,729.098261,189477.849453,70021.492513,74391.811477,130436.026394
combined_downside,upside,0.150000,26,189477.849453,0.343239,9291.428571,9291.428571,669.220337,179517.200544,65584.862734,72359.676139,124441.624721
combined_downside,upside,0.150000,27,179517.200544,0.339991,9291.428571,9291.428571,609.726407,169616.045566,61175.791294,70338.440715,118482.917653
combined_downside,upside,0.150000,28,169616.045566,0.336385,9291.428571,9291.428571,550.613882,159774.003112,56794.096612,68328.046740,112559.682067
combined_downside,upside,0.150000,29,159774.003112,0.332359,9291.428571,9291.428571,491.880197,149990.694344,52439.598357,66328.436062,106671.696299
combined_downside,upside,0.150000,30,149990.694344,0.327833,9291.428571,9291.428571,433.522799,140265.742974,48112.117432,64339.550843,100818.740122
combined_downside,upside,0.150000,31,140265.742974,0.322710,9291.428571,9291.428571,375.539157,130598.775245,43811.475973,62361.333554,95000.594745
combined_downside,upside,0.150000,32,130598.775245,0.316862,9291.428571,8939.024928,320.605574,121339.144743,39537.497337,60393.726974,89217.042801
combined_downside,upside,0.150000,33,121339.144743,0.310744,9291.428571,5089.303916,295.204911,115954.635916,35467.316576,58436.674189,83633.760638
combined_downside,upside,0.150000,34,115954.635916,0.315629,9291.428571,1791.428571,287.617937,113875.589408,33355.903762,55881.962989,79356.034518
combined_downside,upside,0.150000,35,113875.589408,0.315307,9291.428571,1791.428571,280.060088,111804.100749,32619.183895,55078.764541,77969.836450
combined_downside,upside,0.150000,36,111804.100749,0.314970,133800.000000,111804.100749,0.000000,0.000000,31885.229939,54278.991991,76589.207197
