feature,feature_type,bin_order,bin,min_value,max_value,total,goods,bads,bad_rate,dist_good,dist_bad,woe,iv
age,numeric,1,Missing,,,829355,676290,153065,0.18455908507213437,1.0,1.0,0.0,0.0
annual_income,numeric,1,"[0, 42,000]",0.0,42000.0,176549,138530,38019,0.21534531489841346,0.20483799181715617,0.24838307157603157,-0.1927528150012919,0.008393436702979009
annual_income,numeric,2,"(42,000, 55,000]",42004.0,55000.0,156578,124829,31749,0.20276794952036684,0.18457902122304978,0.20742088483549795,-0.11667231796610293,0.002665013174329909
annual_income,numeric,3,"(55,000, 72,000]",55000.08,72000.0,169018,136825,32193,0.19047083742559964,0.2023168951918769,0.21032155643243525,-0.038802324483358824,0.0003105994628355106
annual_income,numeric,4,"(72,000, 98,000]",72002.0,98000.0,163416,135753,27663,0.1692796299016008,0.20073178341340217,0.18072686649071001,0.10498273943364837,0.0021001709806867737
annual_income,numeric,5,"(98,000, 9,500,000]",98003.0,9500000.0,163790,140349,23441,0.14311618535930154,0.2075276544338031,0.15314435414325658,0.3038836374534533,0.016526195109014725
annual_income,numeric,6,Missing,,,4,4,0,0.0,6.653920711880798e-06,3.2665220686230956e-06,0.7114804303457902,2.4100678444577356e-06
debt_to_income,numeric,1,"[0, 0.105]",0.0,0.1048,165964,143461,22503,0.13558964594731387,0.21212921026833045,0.14701635874251967,0.36665170686098003,0.02387373815052409
debt_to_income,numeric,2,"(0.105, 0.152]",0.1049,0.1523,165866,140124,25742,0.1551975691220624,0.20719495839820906,0.16817688870306008,0.20864384360411917,0.008140880031209287
debt_to_income,numeric,3,"(0.152, 0.198]",0.1524,0.1978,165782,136228,29554,0.1782702585322894,0.20143414171076737,0.19308085295424257,0.042353459414350966,0.0003537906763258274
debt_to_income,numeric,4,"(0.198, 0.253]",0.1979,0.253,165976,132251,33725,0.2031920277630501,0.19555355445051184,0.22033018005069643,-0.11929296194213795,0.0029556770547774216
debt_to_income,numeric,5,"(0.253, 9.99]",0.2531,9.99,165765,124225,41540,0.2505957228606763,0.18368591719861066,0.2713859199832754,-0.39031453952219014,0.0342305862029912
debt_to_income,numeric,6,Missing,,,2,1,1,0.5,2.2179735706269325e-06,9.799566205869286e-06,-1.4857441469904291,1.126430688267707e-05
credit_utilisation,numeric,1,"[0, 0.329]",0.0,0.329,165871,141188,24683,0.14880841135581266,0.2087682409843071,0.16125839496171637,0.2582167257753358,0.012267836882043737
credit_utilisation,numeric,2,"(0.329, 0.486]",0.33,0.486,165690,136709,28981,0.17491097833303157,0.20214537190241508,0.1893374186636005,0.06545639418244335,0.0008383624358701498
credit_utilisation,numeric,3,"(0.486, 0.624]",0.487,0.624,166728,135091,31637,0.18975217120099802,0.19975291774423215,0.20668918389212637,-0.034134946233088846,0.00023676907201676352
credit_utilisation,numeric,4,"(0.624, 0.772]",0.625,0.772,165328,132293,33035,0.1998149133843027,0.1956156577104894,0.21582237959599654,-0.09830394866958864,0.0019864005510135483
credit_utilisation,numeric,5,"(0.772, 8.923]",0.773,8.923,165254,130627,34627,0.20953804446488436,0.1931522283980464,0.22622298586249248,-0.1580425497656332,0.0052265868323619034
credit_utilisation,numeric,6,Missing,,,484,382,102,0.21074380165289255,0.0005655832605098677,0.0006696370240677346,-0.16887829230230172,1.7572421897280035e-05
delinquencies_2y,numeric,1,"[0, 39.0]",0.0,39.0,829326,676264,153062,0.1845619213674719,0.9999608156843726,0.999977134046751,-1.631886867389389e-05,2.6629721262735613e-10
delinquencies_2y,numeric,2,Missing,,,29,26,3,0.10344827586206896,3.91843156274444e-05,2.28659532489253e-05,0.5386275086352096,8.789518872948275e-06
loan_amount,numeric,1,"[500.0, 7,000]",500.0,7000.0,175960,150565,25395,0.1443225733121164,0.22263369769737207,0.16591046433762882,0.29407953828922245,0.016681142276705113
loan_amount,numeric,2,"(7,000, 10,000]",7025.0,10000.0,156704,131502,25202,0.16082550541147642,0.19444619007308228,0.1646495827004426,0.16633599270495322,0.004956248266567748
loan_amount,numeric,3,"(10,000, 15,000]",10025.0,15000.0,183521,147746,35775,0.19493681921959885,0.2184653829519032,0.23372368399562285,-0.06751200843593114,0.0010301185487815773
loan_amount,numeric,4,"(15,000, 21,000]",15025.0,21000.0,153661,121240,32421,0.21099042697886908,0.1792722823334578,0.21181178238358894,-0.16679228093364631,0.005427337433801873
loan_amount,numeric,5,"(21,000, 35,000]",21025.0,35000.0,159509,125237,34272,0.21485934962917452,0.18518244694418465,0.22390448658271678,-0.1898780229355732,0.007352464330597379
interest_rate,numeric,1,"[0.0532, 0.089]",0.0532,0.089,167231,157002,10229,0.061166888914136734,0.23215176865039905,0.06682999330360788,1.2452393516816282,0.20586518035169402
interest_rate,numeric,2,"(0.089, 0.12]",0.0894,0.1199,174430,153154,21276,0.12197443100384109,0.22646192291057493,0.13900076763519362,0.48809736435000844,0.04268955937292045
interest_rate,numeric,3,"(0.12, 0.14]",0.1204,0.1399,169894,138718,31176,0.1835026545963954,0.2051161294853928,0.20367811586391624,0.0070354197462113655,1.0117029427857054e-05
interest_rate,numeric,4,"(0.14, 0.17]",0.1407,0.1699,161097,123572,37525,0.23293419492603834,0.18272049446060692,0.24515654858150815,-0.29393934771494995,0.01835241302219302
interest_rate,numeric,5,"(0.17, 0.29]",0.1703,0.2899,156703,103844,52859,0.3373196428913295,0.1535496844930263,0.3453345746157741,-0.8104895364580847,0.15543964669525057
employment_length,numeric,1,"[0, 2]",0.0,2.0,194416,158641,35775,0.18401263270512716,0.23457527623032934,0.23372368399562285,0.003636963759213996,3.0972100952555584e-06
employment_length,numeric,2,"(2, 5]",3.0,5.0,167621,137219,30402,0.18137345559327292,0.20289963292510269,0.1986215231842161,0.021310317406347437,9.116787647747974e-05
employment_length,numeric,3,"(5, 8]",6.0,8.0,123554,100586,22968,0.18589442672839407,0.1487322423359715,0.1500547144233753,-0.008852332363476878,1.1706962459119705e-05
employment_length,numeric,4,"(8, 10.0]",9.0,10.0,301153,247318,53835,0.17876295437867132,0.3656975347205536,0.3517108465219593,0.03899720459925334,0.0005454417413465454
employment_length,numeric,5,Missing,,,42611,32526,10085,0.23667597568702917,0.048095313788042895,0.06588923187482647,-0.31479028124665265,0.0056013524790185
loan_to_income,numeric,1,"[0.0003, 0.114]",0.0003090094544280424,0.11428571428571428,166312,145863,20449,0.12295564962239645,0.2156809252794277,0.133597486084616,0.4789686735778414,0.039315395993846355
loan_to_income,numeric,2,"(0.114, 0.174]",0.11429224527115835,0.1739150203469207,165429,141567,23862,0.14424314962914603,0.20932864897315218,0.15589476572503724,0.2947242990996185,0.01574826378847152
loan_to_income,numeric,3,"(0.174, 0.238]",0.17391909283801177,0.2375,166156,137597,28559,0.17188064228797034,0.2034584122562262,0.1865804740376826,0.08659897942377844,0.0014616122245034615
loan_to_income,numeric,4,"(0.238, 0.32]",0.23750296878710983,0.31979166666666664,165619,130225,35394,0.2137073644932043,0.1925578114811184,0.2312338307157603,-0.18303302469535374,0.0070789887836921915
loan_to_income,numeric,5,"(0.32, 20,000]",0.3197940503432494,20000.0,165835,121034,44801,0.2701540688033286,0.17896754808936363,0.29269017691483523,-0.4919101390701417,0.05594131416095984
loan_to_income,numeric,6,Missing,,,4,4,0,0.0,6.653920711880798e-06,3.2665220686230956e-06,0.7114804303457902,2.4100678444577356e-06
home_ownership,categorical,1,mortgage,,,410712,343623,67089,0.1633480395021329,0.5080993121314462,0.4383015280890068,0.14776983097488297,0.010314006750372657
home_ownership,categorical,2,other,,,235,189,46,0.19574468085106383,0.0002802044087465178,0.0003037885370458688,-0.08081248947659617,1.9058921200059975e-06
home_ownership,categorical,3,own,,,81609,66095,15514,0.19010158193336518,0.09773219260319507,0.10135757544082004,-0.036423606038098584,0.00013204951621493567
home_ownership,categorical,4,rent,,,336799,266383,70416,0.20907425497106583,0.39388829085661226,0.4600371079331273,-0.15523981229710793,0.010268929946633924
purpose,categorical,1,car,,,8537,7389,1148,0.13447346843153332,0.010926412508114039,0.00750300512177276,0.37587940079145754,0.0012867883170430095
purpose,categorical,2,credit_card,,,191291,161702,29589,0.15468056521216367,0.23909983335723803,0.19330445803282115,0.2126147287904635,0.00973677130445838
purpose,categorical,3,debt_consolidation,,,488331,392250,96081,0.19675384114463346,0.5799973975930693,0.6276882774119369,-0.07902005306429849,0.003768535853969996
purpose,categorical,4,educational,,,423,335,88,0.20803782505910165,0.0004960838211614128,0.00057815929758545,-0.15310452533616425,1.2566126859641754e-05
purpose,categorical,5,home_improvement,,,48509,40484,8025,0.16543321857799584,0.05986201328706175,0.0524295756245427,0.13257128270348012,0.0009853277945338055
purpose,categorical,6,house,,,3574,2829,745,0.20844991606043647,0.004183812733163092,0.004870257133897773,-0.15192376735623153,0.00010428721944020346
purpose,categorical,7,major_purchase,,,16387,13723,2664,0.16256788918044793,0.020292120177969147,0.017406841225044423,0.15336933931684582,0.0004425133267548655
purpose,categorical,8,medical,,,8222,6620,1602,0.1948431038676721,0.009789338116241829,0.010468929654019023,-0.06711794374903038,4.561278660484679e-05
purpose,categorical,9,moving,,,5269,4149,1120,0.2125640539001708,0.0061356179311752084,0.007320084666039511,-0.17651109893649589,0.00020907152502462115
purpose,categorical,10,other,,,41249,33186,8063,0.19547140536740285,0.049070896366537185,0.052677824814466395,-0.0709284684510073,0.0002558339106239877
purpose,categorical,11,renewable_energy,,,561,438,123,0.2192513368983957,0.0006483837722184189,0.0008068098672520121,-0.21860527398981092,3.4632779911954466e-05
purpose,categorical,12,small_business,,,9994,7271,2723,0.2724634780868521,0.010751932952534168,0.01779228075676806,-0.5036791499399812,0.003546076397318339
purpose,categorical,13,vacation,,,4661,3858,803,0.17228062647500536,0.005705333603431628,0.005249163792202362,0.0833326709860737,3.8013848792947796e-05
purpose,categorical,14,wedding,,,2347,2056,291,0.12398806987643801,0.003040823780084785,0.0019043326016515104,0.46799685214591485,0.0005318742939983738
